cuidType,cuid,transactionId,transactionSource,transactionDatetime,value,currency,productId,quantity,itemPrice
id,25,TR-ID-900000,Offline,2026-01-31T01:34:35Z,1450.0,USD,0400026567668,1,1450.0
id,8,TR-ID-900001,Offline,2026-03-12T20:38:42Z,70.0,USD,22860234,1,70.0
id,16,TR-ID-900002,Offline,2025-09-10T20:49:31Z,2400.0,USD,0400026304157,1,2400.0
id,19,TR-ID-900003,Offline,2025-09-18T07:32:39Z,1420.0,USD,24812006,1,225.0
id,19,TR-ID-900003,Offline,2025-09-18T07:32:39Z,1420.0,USD,23088069,1,1195.0
id,13,TR-ID-900004,Offline,2026-03-25T00:04:01Z,1510.0,USD,0400026047544,1,550.0
id,13,TR-ID-900004,Offline,2026-03-25T00:04:01Z,1510.0,USD,0400021573933,1,960.0
id,11,TR-ID-900005,Offline,2025-12-09T05:49:29Z,529.5,USD,0400026650055,1,395.0
id,11,TR-ID-900005,Offline,2025-12-09T05:49:29Z,529.5,USD,22614073,1,134.5
id,29,TR-ID-900006,Offline,2025-11-19T11:04:10Z,3150.0,USD,0400026070099,1,3150.0
id,3,TR-ID-900007,Offline,2025-12-19T17:11:06Z,665.0,USD,0400022265893,1,665.0
id,3,TR-ID-900008,Offline,2025-10-05T20:39:42Z,1600.0,USD,0400026179146,1,1600.0
id,20,TR-ID-900009,Offline,2025-10-20T13:47:46Z,101.49,USD,26032752,1,101.49
id,29,TR-ID-900010,Offline,2025-07-20T10:27:23Z,1590.0,USD,0400026877603,1,1590.0
id,1,TR-ID-900011,Offline,2025-12-17T20:41:51Z,1351.6,USD,0400026249918,1,1115.0
id,1,TR-ID-900011,Offline,2025-12-17T20:41:51Z,1351.6,USD,0400025586094,1,111.6
id,1,TR-ID-900011,Offline,2025-12-17T20:41:51Z,1351.6,USD,0400021785334,1,125.0
id,15,TR-ID-900012,Offline,2025-09-23T17:56:21Z,790.0,USD,25953717,1,600.0
id,15,TR-ID-900012,Offline,2025-09-23T17:56:21Z,790.0,USD,0400021304104,1,190.0
id,12,TR-ID-900013,Offline,2025-11-27T17:28:33Z,1220.0,USD,0400026629399,1,625.0
id,12,TR-ID-900013,Offline,2025-11-27T17:28:33Z,1220.0,USD,0400026598196,1,595.0
id,16,TR-ID-900014,Offline,2025-09-02T02:58:07Z,82.0,USD,0400023016479,1,82.0
id,5,TR-ID-900015,Offline,2025-08-30T08:38:52Z,5674.99,USD,20699244,1,74.99
id,5,TR-ID-900015,Offline,2025-08-30T08:38:52Z,5674.99,USD,0400022804168,1,5600.0
id,27,TR-ID-900016,Offline,2026-05-20T03:30:57Z,385.0,USD,26877373,1,385.0
id,19,TR-ID-900017,Offline,2026-04-16T00:31:31Z,299.0,USD,0400023287988,1,299.0
id,2,TR-ID-900018,Offline,2025-11-19T09:00:11Z,1785.5,USD,0400022886699,1,346.5
id,2,TR-ID-900018,Offline,2025-11-19T09:00:11Z,1785.5,USD,0400025199565,1,894.0
id,2,TR-ID-900018,Offline,2025-11-19T09:00:11Z,1785.5,USD,0400026276315,1,545.0
id,30,TR-ID-900019,Offline,2026-02-02T01:28:09Z,200.0,USD,0400026432563,1,200.0
id,5,TR-ID-900020,Offline,2026-01-10T15:40:44Z,70.0,USD,12297908,1,70.0
id,9,TR-ID-900021,Offline,2025-08-15T11:33:34Z,145.0,USD,0400024786788,1,145.0
id,28,TR-ID-900022,Offline,2026-03-18T12:15:26Z,701.75,USD,0400023846003,1,581.75
id,28,TR-ID-900022,Offline,2026-03-18T12:15:26Z,701.75,USD,0400026529975,1,120.0
id,3,TR-ID-900023,Offline,2026-03-21T23:42:13Z,119.0,USD,22533529,1,119.0
id,28,TR-ID-900024,Offline,2026-02-12T11:53:59Z,647.0,USD,0400021724256,1,297.0
id,28,TR-ID-900024,Offline,2026-02-12T11:53:59Z,647.0,USD,18774714,1,350.0
id,18,TR-ID-900025,Offline,2025-09-27T16:19:57Z,595.0,USD,0400026969998,1,595.0
id,29,TR-ID-900026,Offline,2026-03-17T01:16:09Z,366.5,USD,22300750,1,90.0
id,29,TR-ID-900026,Offline,2026-03-17T01:16:09Z,366.5,USD,0400023070337,1,276.5
id,3,TR-ID-900027,Offline,2026-04-17T01:02:52Z,2240.0,USD,0400026421432,1,495.0
id,3,TR-ID-900027,Offline,2026-04-17T01:02:52Z,2240.0,USD,0400025067150,1,325.0
id,3,TR-ID-900027,Offline,2026-04-17T01:02:52Z,2240.0,USD,0400025932043,1,1420.0
id,25,TR-ID-900028,Offline,2026-01-08T15:12:01Z,1975.0,USD,0400026430189,1,1280.0
id,25,TR-ID-900028,Offline,2026-01-08T15:12:01Z,1975.0,USD,26309361,1,695.0
id,30,TR-ID-900029,Offline,2026-06-27T10:30:56Z,2845.0,USD,0400022839006,1,950.0
id,30,TR-ID-900029,Offline,2026-06-27T10:30:56Z,2845.0,USD,0400023044184,1,1895.0
id,13,TR-ID-900030,Offline,2026-02-06T04:48:25Z,277.5,USD,0400026017148,1,277.5
id,2,TR-ID-900031,Offline,2026-02-08T17:59:49Z,2909.0,USD,0400026519199,1,1095.0
id,2,TR-ID-900031,Offline,2026-02-08T17:59:49Z,2909.0,USD,0400023080712,1,564.0
id,2,TR-ID-900031,Offline,2026-02-08T17:59:49Z,2909.0,USD,0400025564126,1,1250.0
id,28,TR-ID-900032,Offline,2026-02-11T05:09:00Z,2870.0,USD,0400024702720,1,2700.0
id,28,TR-ID-900032,Offline,2026-02-11T05:09:00Z,2870.0,USD,26298960,1,170.0
id,17,TR-ID-900033,Offline,2026-01-21T05:27:10Z,1410.0,USD,0400022163341,1,515.0
id,17,TR-ID-900033,Offline,2026-01-21T05:27:10Z,1410.0,USD,0400026357490,1,895.0
id,29,TR-ID-900034,Offline,2026-06-09T14:35:29Z,173.6,USD,0400026430074,1,173.6
id,7,TR-ID-900035,Offline,2026-03-16T23:55:48Z,2105.39,USD,26629928,1,750.0
id,7,TR-ID-900035,Offline,2026-03-16T23:55:48Z,2105.39,USD,0400026670196,1,1290.0
id,7,TR-ID-900035,Offline,2026-03-16T23:55:48Z,2105.39,USD,0400022443329,1,65.39
id,3,TR-ID-900036,Offline,2025-08-10T08:39:03Z,8295.0,USD,0400026428714,1,625.0
id,3,TR-ID-900036,Offline,2025-08-10T08:39:03Z,8295.0,USD,0400025665712,1,7000.0
id,3,TR-ID-900036,Offline,2025-08-10T08:39:03Z,8295.0,USD,0400026272324,1,670.0
id,10,TR-ID-900037,Offline,2026-03-19T13:34:23Z,5370.0,USD,0400009943983,1,945.0
id,10,TR-ID-900037,Offline,2026-03-19T13:34:23Z,5370.0,USD,0400026873768,1,675.0
id,10,TR-ID-900037,Offline,2026-03-19T13:34:23Z,5370.0,USD,26744684,1,3750.0
id,17,TR-ID-900038,Offline,2026-03-09T14:41:56Z,1087.0,USD,0400025942207,1,414.0
id,17,TR-ID-900038,Offline,2026-03-09T14:41:56Z,1087.0,USD,0400022649601,1,298.0
id,17,TR-ID-900038,Offline,2026-03-09T14:41:56Z,1087.0,USD,0400026536008,1,375.0
id,2,TR-ID-900039,Offline,2025-11-03T23:08:50Z,441.0,USD,0400026393773,1,298.0
id,2,TR-ID-900039,Offline,2025-11-03T23:08:50Z,441.0,USD,0400021954141,1,143.0
id,27,TR-ID-900040,Offline,2026-04-07T08:34:08Z,723.0,USD,0400026626521,1,298.0
id,27,TR-ID-900040,Offline,2026-04-07T08:34:08Z,723.0,USD,0400026076183,1,425.0
id,14,TR-ID-900041,Offline,2025-11-07T18:20:46Z,159.0,USD,13165430,1,159.0
id,5,TR-ID-900042,Offline,2025-07-20T13:00:03Z,5145.0,USD,0400024507389,1,4200.0
id,5,TR-ID-900042,Offline,2025-07-20T13:00:03Z,5145.0,USD,0400024806949,1,945.0
id,13,TR-ID-900043,Offline,2025-07-30T01:02:45Z,2828.0,USD,26002261,1,128.0
id,13,TR-ID-900043,Offline,2025-07-30T01:02:45Z,2828.0,USD,0400026423420,1,1110.0
id,13,TR-ID-900043,Offline,2025-07-30T01:02:45Z,2828.0,USD,0400026011514,1,1590.0
id,13,TR-ID-900044,Offline,2026-01-04T19:25:45Z,740.0,USD,21580416,1,245.0
id,13,TR-ID-900044,Offline,2026-01-04T19:25:45Z,740.0,USD,26844106,1,495.0
id,11,TR-ID-900045,Offline,2026-05-17T01:43:27Z,1250.0,USD,19757657,1,730.0
id,11,TR-ID-900045,Offline,2026-05-17T01:43:27Z,1250.0,USD,19598533,1,520.0
id,15,TR-ID-900046,Offline,2025-07-21T10:00:40Z,1425.0,USD,26312504,1,1195.0
id,15,TR-ID-900046,Offline,2025-07-21T10:00:40Z,1425.0,USD,13466324,1,230.0
id,9,TR-ID-900047,Offline,2025-10-09T00:31:29Z,1147.0,USD,19364184,1,190.0
id,9,TR-ID-900047,Offline,2025-10-09T00:31:29Z,1147.0,USD,0400023085171,1,357.0
id,9,TR-ID-900047,Offline,2025-10-09T00:31:29Z,1147.0,USD,0400026379373,1,600.0
id,25,TR-ID-900048,Offline,2026-01-21T07:59:44Z,695.0,USD,0400023002573,1,695.0
id,20,TR-ID-900049,Offline,2026-03-19T00:55:31Z,363.0,USD,21526147,1,363.0
id,22,TR-ID-900050,Offline,2026-06-27T04:50:56Z,1073.75,USD,26718983,1,570.0
id,22,TR-ID-900050,Offline,2026-06-27T04:50:56Z,1073.75,USD,0400026188384,1,320.0
id,22,TR-ID-900050,Offline,2026-06-27T04:50:56Z,1073.75,USD,0400026354162,1,183.75
id,25,TR-ID-900051,Offline,2025-12-16T12:33:57Z,365.0,USD,20146883,1,140.0
id,25,TR-ID-900051,Offline,2025-12-16T12:33:57Z,365.0,USD,24668201,1,225.0
id,28,TR-ID-900052,Offline,2025-08-30T05:58:50Z,2115.0,USD,0400016045463,1,125.0
id,28,TR-ID-900052,Offline,2025-08-30T05:58:50Z,2115.0,USD,0400026316091,1,1990.0
id,28,TR-ID-900053,Offline,2026-06-07T12:34:28Z,1137.94,USD,22114476,1,62.39
id,28,TR-ID-900053,Offline,2026-06-07T12:34:28Z,1137.94,USD,0400019446613,1,80.55
id,28,TR-ID-900053,Offline,2026-06-07T12:34:28Z,1137.94,USD,21594326,1,995.0
id,5,TR-ID-900054,Offline,2026-06-18T00:06:32Z,670.0,USD,24656567,1,220.0
id,5,TR-ID-900054,Offline,2026-06-18T00:06:32Z,670.0,USD,0400026560152,1,450.0
id,1,TR-ID-900055,Offline,2025-08-27T10:06:32Z,990.0,USD,0400017191463,1,990.0
id,20,TR-ID-900056,Offline,2026-05-04T16:00:57Z,10467.6,USD,26785455,1,8500.0
id,20,TR-ID-900056,Offline,2026-05-04T16:00:57Z,10467.6,USD,0400022953630,1,1250.0
id,20,TR-ID-900056,Offline,2026-05-04T16:00:57Z,10467.6,USD,18504139,1,717.6
id,23,TR-ID-900057,Offline,2025-09-21T06:34:20Z,215.0,USD,24660162,1,215.0
id,8,TR-ID-900058,Offline,2025-10-29T11:18:26Z,1374.0,USD,0400023035911,1,89.0
id,8,TR-ID-900058,Offline,2025-10-29T11:18:26Z,1374.0,USD,0400026277074,1,850.0
id,8,TR-ID-900058,Offline,2025-10-29T11:18:26Z,1374.0,USD,0400022867455,1,435.0
id,23,TR-ID-900059,Offline,2025-12-16T16:47:22Z,3200.0,USD,19580408,1,107.0
id,23,TR-ID-900059,Offline,2025-12-16T16:47:22Z,3200.0,USD,0400026261659,1,2595.0
id,23,TR-ID-900059,Offline,2025-12-16T16:47:22Z,3200.0,USD,0400022661070,1,498.0
id,23,TR-ID-900060,Offline,2025-07-27T08:18:31Z,39.0,USD,95901592,1,39.0
id,22,TR-ID-900061,Offline,2026-01-06T01:16:16Z,1075.0,USD,26698101,1,650.0
id,22,TR-ID-900061,Offline,2026-01-06T01:16:16Z,1075.0,USD,0400026076183,1,425.0
id,1,TR-ID-900062,Offline,2026-02-09T19:30:55Z,328.0,USD,0400026487552,1,328.0
id,25,TR-ID-900063,Offline,2026-06-03T00:36:02Z,758.5,USD,0400026003749,1,108.5
id,25,TR-ID-900063,Offline,2026-06-03T00:36:02Z,758.5,USD,0400023000011,1,650.0
id,8,TR-ID-900064,Offline,2025-11-10T08:11:09Z,565.0,USD,92641746,1,565.0
id,4,TR-ID-900065,Offline,2026-05-02T07:42:47Z,964.5,USD,0400026217635,1,812.5
id,4,TR-ID-900065,Offline,2026-05-02T07:42:47Z,964.5,USD,18289333,1,44.0
id,4,TR-ID-900065,Offline,2026-05-02T07:42:47Z,964.5,USD,26583099,1,108.0
id,22,TR-ID-900066,Offline,2025-09-22T23:14:39Z,2134.5,USD,22638138,1,135.0
id,22,TR-ID-900066,Offline,2025-09-22T23:14:39Z,2134.5,USD,26720882,1,1950.0
id,22,TR-ID-900066,Offline,2025-09-22T23:14:39Z,2134.5,USD,0400026496498,1,49.5
id,10,TR-ID-900067,Offline,2025-07-27T10:39:41Z,851.99,USD,0400022779029,1,777.0
id,10,TR-ID-900067,Offline,2025-07-27T10:39:41Z,851.99,USD,0400022660622,1,74.99
id,5,TR-ID-900068,Offline,2026-05-23T23:38:32Z,2500.0,USD,25927338,1,710.0
id,5,TR-ID-900068,Offline,2026-05-23T23:38:32Z,2500.0,USD,0400025593168,1,1790.0
id,6,TR-ID-900069,Offline,2025-11-04T03:57:54Z,2095.0,USD,0400026428221,1,1695.0
id,6,TR-ID-900069,Offline,2025-11-04T03:57:54Z,2095.0,USD,0400022896379,1,400.0
id,30,TR-ID-900070,Offline,2025-12-01T04:32:22Z,2297.2,USD,0400024845082,1,159.2
id,30,TR-ID-900070,Offline,2025-12-01T04:32:22Z,2297.2,USD,0400026041468,1,1990.0
id,30,TR-ID-900070,Offline,2025-12-01T04:32:22Z,2297.2,USD,0400026416726,1,148.0
id,7,TR-ID-900071,Offline,2025-10-31T13:43:57Z,5835.0,USD,19897136,1,160.0
id,7,TR-ID-900071,Offline,2025-10-31T13:43:57Z,5835.0,USD,13289768,1,5675.0
id,11,TR-ID-900072,Offline,2026-04-15T10:30:20Z,3068.5,USD,0400026086601,1,1200.0
id,11,TR-ID-900072,Offline,2026-04-15T10:30:20Z,3068.5,USD,0400026566920,1,148.5
id,11,TR-ID-900072,Offline,2026-04-15T10:30:20Z,3068.5,USD,0400026210872,1,1720.0
id,12,TR-ID-900073,Offline,2026-01-06T16:25:48Z,438.0,USD,1202894,1,330.0
id,12,TR-ID-900073,Offline,2026-01-06T16:25:48Z,438.0,USD,22699579,1,108.0
id,25,TR-ID-900074,Offline,2025-11-22T05:11:59Z,350.0,USD,26756162,1,350.0
id,19,TR-ID-900075,Offline,2026-06-08T22:23:36Z,100.0,USD,26873718,1,100.0
id,20,TR-ID-900076,Offline,2025-10-04T00:12:28Z,3180.0,USD,0400026705115,1,1190.0
id,20,TR-ID-900076,Offline,2025-10-04T00:12:28Z,3180.0,USD,0400026178489,1,995.0
id,20,TR-ID-900076,Offline,2025-10-04T00:12:28Z,3180.0,USD,0400023266947,1,995.0
id,27,TR-ID-900077,Offline,2026-06-22T13:04:32Z,1337.5,USD,0400026079746,1,1120.0
id,27,TR-ID-900077,Offline,2026-06-22T13:04:32Z,1337.5,USD,23049992,1,217.5
id,8,TR-ID-900078,Offline,2026-05-08T19:31:21Z,990.0,USD,14646927,1,500.0
id,8,TR-ID-900078,Offline,2026-05-08T19:31:21Z,990.0,USD,0400026452010,1,295.0
id,8,TR-ID-900078,Offline,2026-05-08T19:31:21Z,990.0,USD,0400026520739,1,195.0
id,30,TR-ID-900079,Offline,2026-02-13T01:21:33Z,73.5,USD,26625933,1,73.5
id,11,TR-ID-900080,Offline,2025-10-28T14:20:43Z,315.0,USD,17749612,1,315.0
id,24,TR-ID-900081,Offline,2026-07-08T11:15:33Z,1733.0,USD,14423957,1,48.0
id,24,TR-ID-900081,Offline,2026-07-08T11:15:33Z,1733.0,USD,0400026440457,1,395.0
id,24,TR-ID-900081,Offline,2026-07-08T11:15:33Z,1733.0,USD,0400026720370,1,1290.0
id,9,TR-ID-900082,Offline,2026-04-07T17:37:40Z,171.74,USD,0400022874281,1,83.99
id,9,TR-ID-900082,Offline,2026-04-07T17:37:40Z,171.74,USD,0400026217616,1,87.75
id,19,TR-ID-900083,Offline,2025-10-29T03:19:05Z,1748.6,USD,0400010723681,1,470.0
id,19,TR-ID-900083,Offline,2025-10-29T03:19:05Z,1748.6,USD,0400026207051,1,1035.0
id,19,TR-ID-900083,Offline,2025-10-29T03:19:05Z,1748.6,USD,0400026373855,1,243.6
id,29,TR-ID-900084,Offline,2026-02-07T15:44:00Z,2100.0,USD,0400026331559,1,350.0
id,29,TR-ID-900084,Offline,2026-02-07T15:44:00Z,2100.0,USD,23264808,1,1750.0
id,8,TR-ID-900085,Offline,2025-12-04T05:26:16Z,3717.0,USD,0400019432633,1,99.0
id,8,TR-ID-900085,Offline,2025-12-04T05:26:16Z,3717.0,USD,0446920233751,1,68.0
id,8,TR-ID-900085,Offline,2025-12-04T05:26:16Z,3717.0,USD,26838411,1,3550.0
id,13,TR-ID-900086,Offline,2026-03-27T06:19:44Z,1796.25,USD,0400013639937,1,595.0
id,13,TR-ID-900086,Offline,2026-03-27T06:19:44Z,1796.25,USD,0400026189134,1,890.0
id,13,TR-ID-900086,Offline,2026-03-27T06:19:44Z,1796.25,USD,0400022225823,1,311.25
id,25,TR-ID-900087,Offline,2026-04-09T02:47:52Z,800.0,USD,0400024507524,1,800.0
id,10,TR-ID-900088,Offline,2025-10-13T06:16:48Z,375.0,USD,0400023071619,1,375.0
id,2,TR-ID-900089,Offline,2025-10-09T07:27:07Z,681.5,USD,0400026590426,1,118.5
id,2,TR-ID-900089,Offline,2025-10-09T07:27:07Z,681.5,USD,0400014632959,1,248.0
id,2,TR-ID-900089,Offline,2025-10-09T07:27:07Z,681.5,USD,0400017864601,1,315.0
id,26,TR-ID-900090,Offline,2025-09-25T16:55:15Z,793.6,USD,19719782,1,180.0
id,26,TR-ID-900090,Offline,2025-09-25T16:55:15Z,793.6,USD,0400022883493,1,475.0
id,26,TR-ID-900090,Offline,2025-09-25T16:55:15Z,793.6,USD,0400026363372,1,138.6
id,4,TR-ID-900091,Offline,2026-03-30T18:05:37Z,1377.0,USD,14633893,1,32.0
id,4,TR-ID-900091,Offline,2026-03-30T18:05:37Z,1377.0,USD,26698520,1,395.0
id,4,TR-ID-900091,Offline,2026-03-30T18:05:37Z,1377.0,USD,0400026842765,1,950.0
id,27,TR-ID-900092,Offline,2025-11-22T05:02:26Z,1023.0,USD,0400018350561,1,825.0
id,27,TR-ID-900092,Offline,2025-11-22T05:02:26Z,1023.0,USD,0400018291557,1,198.0
id,21,TR-ID-900093,Offline,2026-01-19T10:07:24Z,542.0,USD,24701607,1,144.0
id,21,TR-ID-900093,Offline,2026-01-19T10:07:24Z,542.0,USD,0400026511206,1,398.0
id,20,TR-ID-900094,Offline,2025-11-09T22:32:45Z,14673.0,USD,25570520,1,14250.0
id,20,TR-ID-900094,Offline,2025-11-09T22:32:45Z,14673.0,USD,10392710,1,195.0
id,20,TR-ID-900094,Offline,2025-11-09T22:32:45Z,14673.0,USD,0400026506553,1,228.0
id,21,TR-ID-900095,Offline,2025-12-01T07:11:55Z,1123.6,USD,0400026450096,1,680.0
id,21,TR-ID-900095,Offline,2025-12-01T07:11:55Z,1123.6,USD,24786541,1,103.6
id,21,TR-ID-900095,Offline,2025-12-01T07:11:55Z,1123.6,USD,18315334,1,340.0
id,24,TR-ID-900096,Offline,2026-06-29T16:56:04Z,7664.0,USD,13205690,1,269.0
id,24,TR-ID-900096,Offline,2026-06-29T16:56:04Z,7664.0,USD,0400026109659,1,6900.0
id,24,TR-ID-900096,Offline,2026-06-29T16:56:04Z,7664.0,USD,22788445,1,495.0
id,22,TR-ID-900097,Offline,2026-04-01T06:03:19Z,1110.0,USD,0400024607420,1,1110.0
id,4,TR-ID-900098,Offline,2025-08-30T12:46:37Z,1320.0,USD,21283292,1,595.0
id,4,TR-ID-900098,Offline,2025-08-30T12:46:37Z,1320.0,USD,0400017752240,1,725.0
id,26,TR-ID-900099,Offline,2026-03-30T15:03:23Z,623.0,USD,22958170,1,395.0
id,26,TR-ID-900099,Offline,2026-03-30T15:03:23Z,623.0,USD,0400026566858,1,228.0
id,3,TR-ID-900100,Offline,2026-06-05T17:05:52Z,2150.0,USD,0400025608472,1,980.0
id,3,TR-ID-900100,Offline,2026-06-05T17:05:52Z,2150.0,USD,21924704,1,650.0
id,3,TR-ID-900100,Offline,2026-06-05T17:05:52Z,2150.0,USD,0400001589504,1,520.0
id,19,TR-ID-900101,Offline,2025-10-18T11:32:22Z,267.0,USD,26586699,1,267.0
id,24,TR-ID-900102,Offline,2026-01-21T18:45:37Z,2898.0,USD,0400020902364,1,290.0
id,24,TR-ID-900102,Offline,2026-01-21T18:45:37Z,2898.0,USD,0400023051725,1,258.0
id,24,TR-ID-900102,Offline,2026-01-21T18:45:37Z,2898.0,USD,0400019370939,1,2350.0
id,9,TR-ID-900103,Offline,2026-04-28T22:58:58Z,85.0,USD,0400026492704,1,85.0
id,18,TR-ID-900104,Offline,2025-11-05T13:35:32Z,1030.0,USD,0400020769475,1,160.0
id,18,TR-ID-900104,Offline,2025-11-05T13:35:32Z,1030.0,USD,0400026718202,1,375.0
id,18,TR-ID-900104,Offline,2025-11-05T13:35:32Z,1030.0,USD,0400024606321,1,495.0
id,23,TR-ID-900105,Offline,2026-04-01T02:03:38Z,2988.0,USD,26332500,1,610.0
id,23,TR-ID-900105,Offline,2026-04-01T02:03:38Z,2988.0,USD,21400069,1,2200.0
id,23,TR-ID-900105,Offline,2026-04-01T02:03:38Z,2988.0,USD,26614478,1,178.0
id,29,TR-ID-900106,Offline,2025-11-11T10:09:17Z,620.0,USD,0400024812008,1,195.0
id,29,TR-ID-900106,Offline,2025-11-11T10:09:17Z,620.0,USD,21693293,1,425.0
id,16,TR-ID-900107,Offline,2025-10-24T10:40:40Z,595.0,USD,0400022774604,1,595.0
id,2,TR-ID-900108,Offline,2026-06-27T02:27:25Z,365.0,USD,0400026379429,1,365.0
id,6,TR-ID-900109,Offline,2025-09-30T11:44:43Z,4900.0,USD,26768749,1,4900.0
id,16,TR-ID-900110,Offline,2025-07-19T13:59:19Z,2886.0,USD,26683052,1,2550.0
id,16,TR-ID-900110,Offline,2025-07-19T13:59:19Z,2886.0,USD,0400025985040,1,336.0
id,3,TR-ID-900111,Offline,2026-03-16T02:31:31Z,835.0,USD,0400024701888,1,835.0
id,8,TR-ID-900112,Offline,2025-11-02T22:48:24Z,632.0,USD,24660330,1,70.0
id,8,TR-ID-900112,Offline,2025-11-02T22:48:24Z,632.0,USD,0400025067228,1,295.0
id,8,TR-ID-900112,Offline,2025-11-02T22:48:24Z,632.0,USD,0400025560204,1,267.0
id,19,TR-ID-900113,Offline,2026-05-06T10:44:33Z,2330.0,USD,14165541,1,1650.0
id,19,TR-ID-900113,Offline,2026-05-06T10:44:33Z,2330.0,USD,0400016753337,1,220.0
id,19,TR-ID-900113,Offline,2026-05-06T10:44:33Z,2330.0,USD,20530207,1,460.0
id,25,TR-ID-900114,Offline,2026-01-07T11:35:33Z,3020.0,USD,0400022953591,1,1170.0
id,25,TR-ID-900114,Offline,2026-01-07T11:35:33Z,3020.0,USD,19594440,1,1850.0
id,30,TR-ID-900115,Offline,2025-12-22T23:28:14Z,262.5,USD,0400022855019,1,171.5
id,30,TR-ID-900115,Offline,2025-12-22T23:28:14Z,262.5,USD,0400020555431,1,91.0
id,15,TR-ID-900116,Offline,2026-01-07T11:40:30Z,2740.0,USD,12882212,1,250.0
id,15,TR-ID-900116,Offline,2026-01-07T11:40:30Z,2740.0,USD,0400026844976,1,2490.0
id,28,TR-ID-900117,Offline,2025-08-06T08:37:46Z,829.0,USD,97855512,1,550.0
id,28,TR-ID-900117,Offline,2025-08-06T08:37:46Z,829.0,USD,0400025970298,1,279.0
id,6,TR-ID-900118,Offline,2026-05-13T03:01:18Z,2527.0,USD,0400026079678,1,327.0
id,6,TR-ID-900118,Offline,2026-05-13T03:01:18Z,2527.0,USD,23038572,1,2200.0
id,16,TR-ID-900119,Offline,2025-09-08T04:55:23Z,2800.0,USD,17505985,1,100.0
id,16,TR-ID-900119,Offline,2025-09-08T04:55:23Z,2800.0,USD,17302110,1,2700.0
id,2,TR-ID-900120,Offline,2026-03-09T00:02:01Z,1796.0,USD,0400022348597,1,88.0
id,2,TR-ID-900120,Offline,2026-03-09T00:02:01Z,1796.0,USD,26528770,1,1150.0
id,2,TR-ID-900120,Offline,2026-03-09T00:02:01Z,1796.0,USD,0400026890135,1,558.0
id,7,TR-ID-900121,Offline,2026-07-11T01:16:43Z,1810.0,USD,0400026640382,1,1090.0
id,7,TR-ID-900121,Offline,2026-07-11T01:16:43Z,1810.0,USD,0400020924096,1,425.0
id,7,TR-ID-900121,Offline,2026-07-11T01:16:43Z,1810.0,USD,0400026619357,1,295.0
id,15,TR-ID-900122,Offline,2026-06-09T00:54:46Z,761.3,USD,18504171,1,761.3
id,29,TR-ID-900123,Offline,2026-06-30T19:17:44Z,1240.0,USD,0400026176889,1,1240.0
id,7,TR-ID-900124,Offline,2026-01-27T01:45:21Z,1635.49,USD,16582038,1,349.0
id,7,TR-ID-900124,Offline,2026-01-27T01:45:21Z,1635.49,USD,0400026611668,1,1150.0
id,7,TR-ID-900124,Offline,2026-01-27T01:45:21Z,1635.49,USD,20362743,1,136.49
id,20,TR-ID-900125,Offline,2025-12-07T13:40:37Z,1157.0,USD,26178566,1,350.0
id,20,TR-ID-900125,Offline,2025-12-07T13:40:37Z,1157.0,USD,0400025976243,1,807.0
id,11,TR-ID-900126,Offline,2025-07-29T23:34:21Z,185.99,USD,22954019,1,185.99
id,21,TR-ID-900127,Offline,2025-11-29T11:02:46Z,1250.0,USD,24508836,1,590.0
id,21,TR-ID-900127,Offline,2025-11-29T11:02:46Z,1250.0,USD,0400026069310,1,660.0
id,19,TR-ID-900128,Offline,2026-04-27T22:03:43Z,505.0,USD,17071556,1,245.0
id,19,TR-ID-900128,Offline,2026-04-27T22:03:43Z,505.0,USD,97290964,1,100.0
id,19,TR-ID-900128,Offline,2026-04-27T22:03:43Z,505.0,USD,0400012460497,1,160.0
id,10,TR-ID-900129,Offline,2025-08-12T18:59:22Z,811.75,USD,22850213,1,321.75
id,10,TR-ID-900129,Offline,2025-08-12T18:59:22Z,811.75,USD,0400021721686,1,91.0
id,10,TR-ID-900129,Offline,2025-08-12T18:59:22Z,811.75,USD,0400023265177,1,399.0
id,12,TR-ID-900130,Offline,2025-09-07T23:04:16Z,217.59,USD,21151347,1,100.0
id,12,TR-ID-900130,Offline,2025-09-07T23:04:16Z,217.59,USD,22807485,1,117.59
id,4,TR-ID-900131,Offline,2025-07-25T03:21:21Z,845.0,USD,0400026994889,1,750.0
id,4,TR-ID-900131,Offline,2025-07-25T03:21:21Z,845.0,USD,20326011,1,95.0
id,8,TR-ID-900132,Offline,2026-07-05T02:30:23Z,980.0,USD,24657615,1,285.0
id,8,TR-ID-900132,Offline,2026-07-05T02:30:23Z,980.0,USD,0400022231248,1,695.0
id,19,TR-ID-900133,Offline,2026-05-09T22:30:03Z,815.0,USD,26484470,1,220.0
id,19,TR-ID-900133,Offline,2026-05-09T22:30:03Z,815.0,USD,26312505,1,595.0
id,21,TR-ID-900134,Offline,2026-03-20T16:05:21Z,359.6,USD,0400021527721,1,110.6
id,21,TR-ID-900134,Offline,2026-03-20T16:05:21Z,359.6,USD,25618624,1,249.0
id,15,TR-ID-900135,Offline,2025-10-15T23:33:58Z,120.0,USD,24399055,1,120.0
id,7,TR-ID-900136,Offline,2026-06-30T08:45:18Z,1607.5,USD,0400026423996,1,1420.0
id,7,TR-ID-900136,Offline,2026-06-30T08:45:18Z,1607.5,USD,0400026417945,1,187.5
id,4,TR-ID-900137,Offline,2025-08-17T14:30:52Z,1177.5,USD,0400025201741,1,822.5
id,4,TR-ID-900137,Offline,2025-08-17T14:30:52Z,1177.5,USD,0400026100877,1,355.0
id,24,TR-ID-900138,Offline,2025-10-26T09:52:40Z,7990.0,USD,0400021922172,1,1350.0
id,24,TR-ID-900138,Offline,2025-10-26T09:52:40Z,7990.0,USD,26886618,1,390.0
id,24,TR-ID-900138,Offline,2025-10-26T09:52:40Z,7990.0,USD,0400026411072,1,6250.0
id,20,TR-ID-900139,Offline,2026-04-28T00:47:12Z,425.0,USD,0400026727494,1,425.0
id,18,TR-ID-900140,Offline,2025-10-10T13:25:19Z,1508.29,USD,0400022380452,1,1100.0
id,18,TR-ID-900140,Offline,2025-10-10T13:25:19Z,1508.29,USD,21958892,1,34.79
id,18,TR-ID-900140,Offline,2025-10-10T13:25:19Z,1508.29,USD,0400026380589,1,373.5
id,17,TR-ID-900141,Offline,2026-04-05T14:04:34Z,235.0,USD,26335642,1,235.0
id,11,TR-ID-900142,Offline,2025-09-25T05:04:44Z,1110.5,USD,24816896,1,995.0
id,11,TR-ID-900142,Offline,2025-09-25T05:04:44Z,1110.5,USD,0400020770126,1,115.5
id,17,TR-ID-900143,Offline,2026-07-15T07:06:03Z,868.5,USD,0400020302992,1,79.5
id,17,TR-ID-900143,Offline,2026-07-15T07:06:03Z,868.5,USD,0400022734107,1,626.5
id,17,TR-ID-900143,Offline,2026-07-15T07:06:03Z,868.5,USD,0400026105450,1,162.5
id,20,TR-ID-900144,Offline,2026-01-23T09:15:56Z,670.0,USD,0400025567470,1,450.0
id,20,TR-ID-900144,Offline,2026-01-23T09:15:56Z,670.0,USD,19018305,1,220.0
id,7,TR-ID-900145,Offline,2025-10-31T11:34:53Z,3195.0,USD,0400023046741,1,3195.0
id,10,TR-ID-900146,Offline,2026-02-19T23:00:58Z,541.5,USD,0400021957594,1,160.0
id,10,TR-ID-900146,Offline,2026-02-19T23:00:58Z,541.5,USD,0400026497782,1,245.0
id,10,TR-ID-900146,Offline,2026-02-19T23:00:58Z,541.5,USD,22946820,1,136.5
id,3,TR-ID-900147,Offline,2025-09-04T21:05:06Z,435.0,USD,0400026039869,1,235.0
id,3,TR-ID-900147,Offline,2025-09-04T21:05:06Z,435.0,USD,23065909,1,200.0
id,4,TR-ID-900148,Offline,2026-01-02T02:24:13Z,820.0,USD,0400026339785,1,295.0
id,4,TR-ID-900148,Offline,2026-01-02T02:24:13Z,820.0,USD,26883374,1,440.0
id,4,TR-ID-900148,Offline,2026-01-02T02:24:13Z,820.0,USD,0400020556222,1,85.0
id,10,TR-ID-900149,Offline,2026-04-26T12:05:24Z,149.0,USD,25440830,1,149.0
id,24,TR-ID-900150,Offline,2025-11-20T16:52:41Z,632.5,USD,11526864,1,54.0
id,24,TR-ID-900150,Offline,2025-11-20T16:52:41Z,632.5,USD,0400026422533,1,253.5
id,24,TR-ID-900150,Offline,2025-11-20T16:52:41Z,632.5,USD,0400022894149,1,325.0
id,8,TR-ID-900151,Offline,2025-12-14T13:50:40Z,290.0,USD,24425570,1,290.0
id,8,TR-ID-900152,Offline,2025-07-16T19:59:33Z,6285.0,USD,24371434,1,185.0
id,8,TR-ID-900152,Offline,2025-07-16T19:59:33Z,6285.0,USD,26509003,1,6100.0
id,22,TR-ID-900153,Offline,2026-03-23T13:17:34Z,2165.0,USD,26651105,1,995.0
id,22,TR-ID-900153,Offline,2026-03-23T13:17:34Z,2165.0,USD,0400022953591,1,1170.0
id,17,TR-ID-900154,Offline,2026-03-29T16:59:03Z,17355.0,USD,0400026653375,1,475.0
id,17,TR-ID-900154,Offline,2026-03-29T16:59:03Z,17355.0,USD,94968489,1,16600.0
id,17,TR-ID-900154,Offline,2026-03-29T16:59:03Z,17355.0,USD,26684708,1,280.0
id,17,TR-ID-900155,Offline,2026-06-02T23:34:47Z,5259.0,USD,12605678,1,101.0
id,17,TR-ID-900155,Offline,2026-06-02T23:34:47Z,5259.0,USD,0400026418093,1,158.0
id,17,TR-ID-900155,Offline,2026-06-02T23:34:47Z,5259.0,USD,0400025564008,1,5000.0
id,8,TR-ID-900156,Offline,2026-04-22T02:22:08Z,1145.0,USD,12822476,1,315.0
id,8,TR-ID-900156,Offline,2026-04-22T02:22:08Z,1145.0,USD,0400021801859,1,830.0
id,5,TR-ID-900157,Offline,2025-12-21T18:39:20Z,65.0,USD,26672293,1,65.0
id,29,TR-ID-900158,Offline,2025-12-23T21:04:06Z,1018.49,USD,0400024528009,1,58.49
id,29,TR-ID-900158,Offline,2025-12-23T21:04:06Z,1018.49,USD,0400001589494,1,210.0
id,29,TR-ID-900158,Offline,2025-12-23T21:04:06Z,1018.49,USD,0400022882446,1,750.0
id,3,TR-ID-900159,Offline,2026-06-01T16:23:22Z,703.0,USD,0400025058780,1,108.0
id,3,TR-ID-900159,Offline,2026-06-01T16:23:22Z,703.0,USD,19710952,1,275.0
id,3,TR-ID-900159,Offline,2026-06-01T16:23:22Z,703.0,USD,26813787,1,320.0
id,18,TR-ID-900160,Offline,2025-08-28T01:34:48Z,1683.0,USD,22797502,1,795.0
id,18,TR-ID-900160,Offline,2025-08-28T01:34:48Z,1683.0,USD,0400022883985,1,298.0
id,18,TR-ID-900160,Offline,2025-08-28T01:34:48Z,1683.0,USD,0400019624278,1,590.0
id,8,TR-ID-900161,Offline,2026-05-11T00:21:37Z,896.5,USD,24533100,1,340.0
id,8,TR-ID-900161,Offline,2026-05-11T00:21:37Z,896.5,USD,0400022735215,1,556.5
id,5,TR-ID-900162,Offline,2025-10-12T19:57:46Z,1657.5,USD,0400017996239,1,1657.5
id,27,TR-ID-900163,Offline,2026-03-06T20:41:01Z,724.0,USD,0400025607152,1,495.0
id,27,TR-ID-900163,Offline,2026-03-06T20:41:01Z,724.0,USD,15019038,1,140.0
id,27,TR-ID-900163,Offline,2026-03-06T20:41:01Z,724.0,USD,17918988,1,89.0
id,16,TR-ID-900164,Offline,2025-09-14T16:31:23Z,1594.0,USD,0400025916951,1,99.0
id,16,TR-ID-900164,Offline,2025-09-14T16:31:23Z,1594.0,USD,0400026474346,1,1195.0
id,16,TR-ID-900164,Offline,2025-09-14T16:31:23Z,1594.0,USD,24381111,1,300.0
id,5,TR-ID-900165,Offline,2026-05-17T11:34:30Z,1745.0,USD,26211831,1,495.0
id,5,TR-ID-900165,Offline,2026-05-17T11:34:30Z,1745.0,USD,0400024850502,1,1250.0
id,2,TR-ID-900166,Offline,2026-06-14T03:04:25Z,195.0,USD,22946858,1,195.0
id,17,TR-ID-900167,Offline,2026-06-28T19:42:07Z,325.0,USD,26622586,1,325.0
id,6,TR-ID-900168,Offline,2026-03-13T10:33:34Z,4320.0,USD,0400001457469,1,80.0
id,6,TR-ID-900168,Offline,2026-03-13T10:33:34Z,4320.0,USD,0400026075873,1,3945.0
id,6,TR-ID-900168,Offline,2026-03-13T10:33:34Z,4320.0,USD,0400022577501,1,295.0
id,14,TR-ID-900169,Offline,2026-04-12T01:57:33Z,381.0,USD,21338821,1,185.0
id,14,TR-ID-900169,Offline,2026-04-12T01:57:33Z,381.0,USD,0400022945798,1,196.0
id,6,TR-ID-900170,Offline,2025-08-06T01:04:04Z,620.0,USD,25990864,1,128.0
id,6,TR-ID-900170,Offline,2025-08-06T01:04:04Z,620.0,USD,0400024667038,1,42.0
id,6,TR-ID-900170,Offline,2025-08-06T01:04:04Z,620.0,USD,26728455,1,450.0
id,17,TR-ID-900171,Offline,2025-08-18T07:53:26Z,1515.0,USD,0400026199186,1,820.0
id,17,TR-ID-900171,Offline,2025-08-18T07:53:26Z,1515.0,USD,0400026769026,1,695.0
id,10,TR-ID-900172,Offline,2026-01-25T17:04:19Z,1613.0,USD,0400026254494,1,950.0
id,10,TR-ID-900172,Offline,2026-01-25T17:04:19Z,1613.0,USD,0400019336165,1,268.0
id,10,TR-ID-900172,Offline,2026-01-25T17:04:19Z,1613.0,USD,0400022775652,1,395.0
id,2,TR-ID-900173,Offline,2025-09-03T22:36:56Z,4094.0,USD,22133778,1,2550.0
id,2,TR-ID-900173,Offline,2025-09-03T22:36:56Z,4094.0,USD,0400016867093,1,145.0
id,2,TR-ID-900173,Offline,2025-09-03T22:36:56Z,4094.0,USD,0400026334971,1,1399.0
id,13,TR-ID-900174,Offline,2025-11-07T15:59:00Z,852.59,USD,0400026299577,1,95.0
id,13,TR-ID-900174,Offline,2025-11-07T15:59:00Z,852.59,USD,0400001621371,1,280.0
id,13,TR-ID-900174,Offline,2025-11-07T15:59:00Z,852.59,USD,24370978,1,477.59
id,22,TR-ID-900175,Offline,2025-07-20T11:21:50Z,925.0,USD,0400026410224,1,550.0
id,22,TR-ID-900175,Offline,2025-07-20T11:21:50Z,925.0,USD,26576736,1,375.0
id,27,TR-ID-900176,Offline,2025-11-07T01:04:40Z,3417.5,USD,22791944,1,79.5
id,27,TR-ID-900176,Offline,2025-11-07T01:04:40Z,3417.5,USD,26493454,1,3250.0
id,27,TR-ID-900176,Offline,2025-11-07T01:04:40Z,3417.5,USD,0400026541621,1,88.0
id,28,TR-ID-900177,Offline,2026-02-01T00:33:47Z,1520.0,USD,0400020389018,1,650.0
id,28,TR-ID-900177,Offline,2026-02-01T00:33:47Z,1520.0,USD,0400025722797,1,375.0
id,28,TR-ID-900177,Offline,2026-02-01T00:33:47Z,1520.0,USD,0400017264747,1,495.0
id,21,TR-ID-900178,Offline,2026-03-13T13:28:32Z,1859.0,USD,20441325,1,645.0
id,21,TR-ID-900178,Offline,2026-03-13T13:28:32Z,1859.0,USD,21204903,1,644.0
id,21,TR-ID-900178,Offline,2026-03-13T13:28:32Z,1859.0,USD,22202860,1,570.0
id,25,TR-ID-900179,Offline,2026-01-29T22:43:24Z,495.0,USD,0400024223894,1,495.0
id,15,TR-ID-900180,Offline,2026-04-08T21:01:05Z,995.0,USD,0400022327802,1,995.0
id,15,TR-ID-900181,Offline,2025-11-09T15:50:26Z,480.0,USD,24546601,1,480.0
id,2,TR-ID-900182,Offline,2026-07-08T12:51:30Z,2440.0,USD,0400026176832,1,2440.0
id,8,TR-ID-900183,Offline,2026-05-18T17:48:09Z,1445.0,USD,24656323,1,550.0
id,8,TR-ID-900183,Offline,2026-05-18T17:48:09Z,1445.0,USD,0400025725306,1,895.0
id,2,TR-ID-900184,Offline,2026-01-14T14:04:17Z,495.0,USD,0400024234723,1,495.0
id,12,TR-ID-900185,Offline,2026-06-26T05:21:17Z,305.0,USD,0400001589540,1,305.0
id,1,TR-ID-900186,Offline,2025-08-20T14:58:00Z,1023.0,USD,0400026762045,1,425.0
id,1,TR-ID-900186,Offline,2025-08-20T14:58:00Z,1023.0,USD,22791644,1,598.0
id,27,TR-ID-900187,Offline,2026-04-19T04:38:51Z,826.0,USD,20898478,1,61.0
id,27,TR-ID-900187,Offline,2026-04-19T04:38:51Z,826.0,USD,26625857,1,340.0
id,27,TR-ID-900187,Offline,2026-04-19T04:38:51Z,826.0,USD,0400025067210,1,425.0
id,7,TR-ID-900188,Offline,2026-03-11T09:12:00Z,3698.0,USD,0400026070107,1,2900.0
id,7,TR-ID-900188,Offline,2026-03-11T09:12:00Z,3698.0,USD,0400026407981,1,798.0
id,9,TR-ID-900189,Offline,2025-10-11T12:25:21Z,869.0,USD,0400023053289,1,574.0
id,9,TR-ID-900189,Offline,2025-10-11T12:25:21Z,869.0,USD,0400024812098,1,295.0
id,23,TR-ID-900190,Offline,2026-01-25T13:21:15Z,2835.0,USD,22899995,1,295.0
id,23,TR-ID-900190,Offline,2026-01-25T13:21:15Z,2835.0,USD,0400022808516,1,1590.0
id,23,TR-ID-900190,Offline,2026-01-25T13:21:15Z,2835.0,USD,0400016466118,1,950.0
id,30,TR-ID-900191,Offline,2026-02-11T02:19:54Z,4525.0,USD,0400026365881,1,675.0
id,30,TR-ID-900191,Offline,2026-02-11T02:19:54Z,4525.0,USD,0400026569701,1,3850.0
id,9,TR-ID-900192,Offline,2026-01-17T01:41:48Z,3900.0,USD,22192112,1,3900.0
id,6,TR-ID-900193,Offline,2025-08-28T06:57:09Z,210.0,USD,0400022915423,1,210.0
id,17,TR-ID-900194,Offline,2026-01-16T15:40:57Z,1442.5,USD,25661465,1,710.0
id,17,TR-ID-900194,Offline,2026-01-16T15:40:57Z,1442.5,USD,0400026217595,1,617.5
id,17,TR-ID-900194,Offline,2026-01-16T15:40:57Z,1442.5,USD,0400024225690,1,115.0
id,1,TR-ID-900195,Offline,2025-08-20T19:52:30Z,198.0,USD,0400026603504,1,198.0
id,14,TR-ID-900196,Offline,2026-06-13T06:27:36Z,653.0,USD,20087920,1,155.0
id,14,TR-ID-900196,Offline,2026-06-13T06:27:36Z,653.0,USD,0400026511014,1,498.0
id,25,TR-ID-900197,Offline,2025-09-20T18:35:31Z,7530.0,USD,0400019652900,1,380.0
id,25,TR-ID-900197,Offline,2025-09-20T18:35:31Z,7530.0,USD,0400026412923,1,7150.0
id,4,TR-ID-900198,Offline,2025-11-26T06:31:41Z,925.0,USD,0400014764079,1,300.0
id,4,TR-ID-900198,Offline,2025-11-26T06:31:41Z,925.0,USD,0400022440460,1,325.0
id,4,TR-ID-900198,Offline,2025-11-26T06:31:41Z,925.0,USD,16998803,1,300.0
id,4,TR-ID-900199,Offline,2026-03-24T14:01:29Z,2585.0,USD,0400021503011,1,615.0
id,4,TR-ID-900199,Offline,2026-03-24T14:01:29Z,2585.0,USD,24023244,1,800.0
id,4,TR-ID-900199,Offline,2026-03-24T14:01:29Z,2585.0,USD,0400022647096,1,1170.0
id,14,TR-ID-900200,Offline,2025-12-14T08:48:37Z,345.79,USD,17338669,1,135.0
id,14,TR-ID-900200,Offline,2025-12-14T08:48:37Z,345.79,USD,0400017301231,1,68.0
id,14,TR-ID-900200,Offline,2025-12-14T08:48:37Z,345.79,USD,0400022411210,1,142.79
id,28,TR-ID-900201,Offline,2026-03-01T15:14:30Z,1510.0,USD,16462616,1,65.0
id,28,TR-ID-900201,Offline,2026-03-01T15:14:30Z,1510.0,USD,0400026350297,1,1445.0
id,22,TR-ID-900202,Offline,2025-12-25T09:53:56Z,1065.0,USD,26528534,1,995.0
id,22,TR-ID-900202,Offline,2025-12-25T09:53:56Z,1065.0,USD,16698384,1,70.0
id,11,TR-ID-900203,Offline,2025-07-23T16:21:16Z,149.0,USD,0400026591959,1,149.0
id,14,TR-ID-900204,Offline,2026-01-24T18:39:38Z,537.0,USD,25616709,1,77.0
id,14,TR-ID-900204,Offline,2026-01-24T18:39:38Z,537.0,USD,19219178,1,460.0
id,5,TR-ID-900205,Offline,2026-02-27T01:23:43Z,973.2,USD,0400025703675,1,135.2
id,5,TR-ID-900205,Offline,2026-02-27T01:23:43Z,973.2,USD,0400026282031,1,750.0
id,5,TR-ID-900205,Offline,2026-02-27T01:23:43Z,973.2,USD,0400014395115,1,88.0
id,1,TR-ID-900206,Offline,2025-09-06T05:59:31Z,300.0,USD,24201944,1,300.0
id,13,TR-ID-900207,Offline,2025-10-07T09:16:58Z,232.0,USD,13558,1,232.0
id,17,TR-ID-900208,Offline,2026-06-04T08:07:24Z,735.75,USD,0400026453670,1,243.75
id,17,TR-ID-900208,Offline,2026-06-04T08:07:24Z,735.75,USD,22150694,1,492.0
id,26,TR-ID-900209,Offline,2026-03-10T21:46:12Z,39.0,USD,95901592,1,39.0
id,25,TR-ID-900210,Offline,2026-01-08T20:26:50Z,803.0,USD,0400021788144,1,475.0
id,25,TR-ID-900210,Offline,2026-01-08T20:26:50Z,803.0,USD,26336628,1,328.0
id,3,TR-ID-900211,Offline,2025-09-28T00:59:37Z,172.49,USD,0400023064892,1,172.49
id,1,TR-ID-900212,Offline,2026-02-02T10:34:28Z,1013.0,USD,0400026375175,1,398.0
id,1,TR-ID-900212,Offline,2026-02-02T10:34:28Z,1013.0,USD,19123371,1,120.0
id,1,TR-ID-900212,Offline,2026-02-02T10:34:28Z,1013.0,USD,0400017789942,1,495.0
id,6,TR-ID-900213,Offline,2026-06-12T23:45:13Z,875.0,USD,0400026466985,1,450.0
id,6,TR-ID-900213,Offline,2026-06-12T23:45:13Z,875.0,USD,0400026777407,1,425.0
id,9,TR-ID-900214,Offline,2026-01-13T18:47:13Z,7700.0,USD,0400026602104,1,7700.0
id,11,TR-ID-900215,Offline,2025-12-11T07:00:24Z,14625.0,USD,0400026239235,1,560.0
id,11,TR-ID-900215,Offline,2025-12-11T07:00:24Z,14625.0,USD,23857414,1,65.0
id,11,TR-ID-900215,Offline,2025-12-11T07:00:24Z,14625.0,USD,25572555,1,14000.0
id,28,TR-ID-900216,Offline,2025-08-22T04:44:55Z,1664.0,USD,0400022816909,1,1250.0
id,28,TR-ID-900216,Offline,2025-08-22T04:44:55Z,1664.0,USD,0400022275215,1,175.0
id,28,TR-ID-900216,Offline,2025-08-22T04:44:55Z,1664.0,USD,0400026319722,1,239.0
id,8,TR-ID-900217,Offline,2025-12-17T18:21:00Z,215.0,USD,26237026,1,215.0
id,22,TR-ID-900218,Offline,2025-10-31T22:23:23Z,115.0,USD,19881284,1,115.0
id,27,TR-ID-900219,Offline,2026-05-23T01:22:11Z,1125.0,USD,0400021237111,1,1100.0
id,27,TR-ID-900219,Offline,2026-05-23T01:22:11Z,1125.0,USD,90169430,1,25.0
id,19,TR-ID-900220,Offline,2025-09-24T17:57:23Z,75.0,USD,19719793,1,75.0
id,21,TR-ID-900221,Offline,2026-05-05T00:35:42Z,1199.0,USD,0400024351545,1,1100.0
id,21,TR-ID-900221,Offline,2026-05-05T00:35:42Z,1199.0,USD,0400022485735,1,99.0
id,1,TR-ID-900222,Offline,2026-07-05T07:52:09Z,160.0,USD,0400020813954,1,160.0
id,18,TR-ID-900223,Offline,2025-09-26T14:43:05Z,512.0,USD,26542911,1,245.0
id,18,TR-ID-900223,Offline,2025-09-26T14:43:05Z,512.0,USD,0400002106077,1,69.0
id,18,TR-ID-900223,Offline,2025-09-26T14:43:05Z,512.0,USD,26415340,1,198.0
id,24,TR-ID-900224,Offline,2025-09-18T16:59:16Z,70.0,USD,22860248,1,70.0
id,10,TR-ID-900225,Offline,2025-10-14T20:32:51Z,225.0,USD,0400020991781,1,225.0
id,27,TR-ID-900226,Offline,2026-07-16T16:37:52Z,524.5,USD,0400026320733,1,219.0
id,27,TR-ID-900226,Offline,2026-07-16T16:37:52Z,524.5,USD,0400022850645,1,305.5
id,15,TR-ID-900227,Offline,2026-04-06T20:50:44Z,2911.25,USD,26720888,1,2260.0
id,15,TR-ID-900227,Offline,2026-04-06T20:50:44Z,2911.25,USD,0400001201972,1,101.25
id,15,TR-ID-900227,Offline,2026-04-06T20:50:44Z,2911.25,USD,26073012,1,550.0
id,20,TR-ID-900228,Offline,2025-12-31T18:43:18Z,835.0,USD,0477483282665,1,195.0
id,20,TR-ID-900228,Offline,2025-12-31T18:43:18Z,835.0,USD,26198899,1,390.0
id,20,TR-ID-900228,Offline,2025-12-31T18:43:18Z,835.0,USD,24660337,1,250.0
id,23,TR-ID-900229,Offline,2025-10-10T02:10:18Z,1740.0,USD,11640852,1,367.0
id,23,TR-ID-900229,Offline,2025-10-10T02:10:18Z,1740.0,USD,26427723,1,1195.0
id,23,TR-ID-900229,Offline,2025-10-10T02:10:18Z,1740.0,USD,0400026469364,1,178.0
id,25,TR-ID-900230,Offline,2025-12-09T16:19:16Z,1603.0,USD,21841209,1,105.0
id,25,TR-ID-900230,Offline,2025-12-09T16:19:16Z,1603.0,USD,0400014995301,1,1498.0
id,30,TR-ID-900231,Offline,2026-05-07T03:43:53Z,538.6,USD,0400026498629,1,330.0
id,30,TR-ID-900231,Offline,2026-05-07T03:43:53Z,538.6,USD,0400023290803,1,208.6
id,25,TR-ID-900232,Offline,2026-04-11T23:58:51Z,5705.0,USD,0400012965791,1,155.0
id,25,TR-ID-900232,Offline,2026-04-11T23:58:51Z,5705.0,USD,22364090,1,5550.0
id,3,TR-ID-900233,Offline,2025-09-07T04:28:23Z,1060.0,USD,26755425,1,110.0
id,3,TR-ID-900233,Offline,2025-09-07T04:28:23Z,1060.0,USD,0400020349989,1,950.0
id,27,TR-ID-900234,Offline,2025-11-30T10:52:49Z,1195.0,USD,20441325,1,645.0
id,27,TR-ID-900234,Offline,2025-11-30T10:52:49Z,1195.0,USD,20380514,1,550.0
id,27,TR-ID-900235,Offline,2025-08-24T01:43:41Z,374.0,USD,0400022883567,1,374.0
id,25,TR-ID-900236,Offline,2026-04-17T06:11:43Z,695.0,USD,21577705,1,90.0
id,25,TR-ID-900236,Offline,2026-04-17T06:11:43Z,695.0,USD,0400026642613,1,210.0
id,25,TR-ID-900236,Offline,2026-04-17T06:11:43Z,695.0,USD,0400026077560,1,395.0
id,6,TR-ID-900237,Offline,2025-09-22T22:57:46Z,690.0,USD,0400026348227,1,295.0
id,6,TR-ID-900237,Offline,2025-09-22T22:57:46Z,690.0,USD,18675712,1,395.0
id,29,TR-ID-900238,Offline,2025-12-25T13:30:45Z,2097.0,USD,17366669,1,360.0
id,29,TR-ID-900238,Offline,2025-12-25T13:30:45Z,2097.0,USD,0400025152671,1,1737.0
id,10,TR-ID-900239,Offline,2026-05-17T11:36:18Z,178.0,USD,0400020771567,1,178.0
id,22,TR-ID-900240,Offline,2026-06-21T16:25:44Z,443.0,USD,0400026033703,1,298.0
id,22,TR-ID-900240,Offline,2026-06-21T16:25:44Z,443.0,USD,24852650,1,85.0
id,22,TR-ID-900240,Offline,2026-06-21T16:25:44Z,443.0,USD,24412246,1,60.0
id,25,TR-ID-900241,Offline,2026-05-08T19:46:40Z,3307.49,USD,0400026032812,1,122.49
id,25,TR-ID-900241,Offline,2026-05-08T19:46:40Z,3307.49,USD,0400025962180,1,1295.0
id,25,TR-ID-900241,Offline,2026-05-08T19:46:40Z,3307.49,USD,26675554,1,1890.0
id,29,TR-ID-900242,Offline,2025-12-23T16:57:01Z,1055.0,USD,0400014747708,1,920.0
id,29,TR-ID-900242,Offline,2025-12-23T16:57:01Z,1055.0,USD,0400026457851,1,135.0
id,26,TR-ID-900243,Offline,2026-03-06T20:08:25Z,522.5,USD,25727146,1,155.0
id,26,TR-ID-900243,Offline,2026-03-06T20:08:25Z,522.5,USD,0400022724630,1,367.5
id,26,TR-ID-900244,Offline,2026-02-06T16:36:22Z,110.0,USD,26755425,1,110.0
id,25,TR-ID-900245,Offline,2026-07-10T08:18:06Z,705.0,USD,0400018883153,1,110.0
id,25,TR-ID-900245,Offline,2026-07-10T08:18:06Z,705.0,USD,0400023898192,1,520.0
id,25,TR-ID-900245,Offline,2026-07-10T08:18:06Z,705.0,USD,20832423,1,75.0
id,2,TR-ID-900246,Offline,2026-06-26T13:23:38Z,6220.0,USD,0400026037267,1,6220.0
id,5,TR-ID-900247,Offline,2025-09-22T16:20:07Z,890.0,USD,0400024357001,1,890.0
id,6,TR-ID-900248,Offline,2025-08-17T12:32:38Z,1825.0,USD,0400023010240,1,900.0
id,6,TR-ID-900248,Offline,2025-08-17T12:32:38Z,1825.0,USD,0400026079791,1,925.0
id,8,TR-ID-900249,Offline,2026-03-10T02:53:27Z,664.0,USD,26672301,1,89.0
id,8,TR-ID-900249,Offline,2026-03-10T02:53:27Z,664.0,USD,19431234,1,575.0
id,24,TR-ID-900250,Offline,2025-10-28T05:44:05Z,330.0,USD,26810896,1,65.0
id,24,TR-ID-900250,Offline,2025-10-28T05:44:05Z,330.0,USD,0400026421478,1,265.0
id,1,TR-ID-900251,Offline,2025-08-28T19:53:14Z,220.0,USD,26272677,1,220.0
id,29,TR-ID-900252,Offline,2026-04-29T10:34:44Z,995.0,USD,22131591,1,995.0
id,30,TR-ID-900253,Offline,2025-08-15T05:25:07Z,875.0,USD,0400023862495,1,875.0
id,29,TR-ID-900254,Offline,2026-06-13T00:34:04Z,1175.0,USD,0400026297129,1,1095.0
id,29,TR-ID-900254,Offline,2026-06-13T00:34:04Z,1175.0,USD,0400014694389,1,80.0
id,2,TR-ID-900255,Offline,2026-04-27T16:06:11Z,2438.0,USD,0400098748287,1,850.0
id,2,TR-ID-900255,Offline,2026-04-27T16:06:11Z,2438.0,USD,0400026221843,1,1190.0
id,2,TR-ID-900255,Offline,2026-04-27T16:06:11Z,2438.0,USD,0400026470675,1,398.0
id,30,TR-ID-900256,Offline,2026-04-02T10:34:40Z,945.0,USD,25996624,1,690.0
id,30,TR-ID-900256,Offline,2026-04-02T10:34:40Z,945.0,USD,0400026348384,1,255.0
id,17,TR-ID-900257,Offline,2025-12-13T17:00:13Z,2085.0,USD,0400024524114,1,490.0
id,17,TR-ID-900257,Offline,2025-12-13T17:00:13Z,2085.0,USD,0400017132028,1,1595.0
id,27,TR-ID-900258,Offline,2026-04-24T04:26:09Z,617.2,USD,0400025737454,1,279.2
id,27,TR-ID-900258,Offline,2026-04-24T04:26:09Z,617.2,USD,0400022825216,1,338.0
id,19,TR-ID-900259,Offline,2025-12-06T23:19:03Z,9700.0,USD,25829543,1,4500.0
id,19,TR-ID-900259,Offline,2025-12-06T23:19:03Z,9700.0,USD,26958445,1,5200.0
id,26,TR-ID-900260,Offline,2026-02-19T08:53:07Z,4293.0,USD,17464281,1,3945.0
id,26,TR-ID-900260,Offline,2026-02-19T08:53:07Z,4293.0,USD,0400026589528,1,348.0
id,2,TR-ID-900261,Offline,2026-03-17T03:45:06Z,565.0,USD,0400026621775,1,565.0
id,12,TR-ID-900262,Offline,2025-11-02T13:11:49Z,210.0,USD,25087406,1,210.0
id,9,TR-ID-900263,Offline,2025-11-15T01:02:45Z,270.0,USD,26174265,1,270.0
id,10,TR-ID-900264,Offline,2026-02-25T03:32:44Z,66.6,USD,0400022949558,1,66.6
id,18,TR-ID-900265,Offline,2026-04-16T11:10:57Z,168.0,USD,21343596,1,168.0
id,27,TR-ID-900266,Offline,2025-09-26T15:29:50Z,395.0,USD,0400020568360,1,395.0
id,4,TR-ID-900267,Offline,2026-05-13T16:52:04Z,1043.8,USD,10208645,1,535.0
id,4,TR-ID-900267,Offline,2026-05-13T16:52:04Z,1043.8,USD,0400024791833,1,376.8
id,4,TR-ID-900267,Offline,2026-05-13T16:52:04Z,1043.8,USD,0400022914972,1,132.0
id,8,TR-ID-900268,Offline,2025-10-03T22:31:18Z,1730.0,USD,18684425,1,1730.0
id,29,TR-ID-900269,Offline,2026-05-07T11:30:48Z,717.0,USD,0400024796112,1,495.0
id,29,TR-ID-900269,Offline,2026-05-07T11:30:48Z,717.0,USD,25957494,1,222.0
id,30,TR-ID-900270,Offline,2026-01-09T02:27:47Z,1870.0,USD,22155730,1,252.0
id,30,TR-ID-900270,Offline,2026-01-09T02:27:47Z,1870.0,USD,0400026410611,1,1290.0
id,30,TR-ID-900270,Offline,2026-01-09T02:27:47Z,1870.0,USD,0400026705966,1,328.0
id,15,TR-ID-900271,Offline,2026-03-25T01:00:37Z,2718.0,USD,10589214,1,540.0
id,15,TR-ID-900271,Offline,2026-03-25T01:00:37Z,2718.0,USD,0400012539843,1,82.0
id,15,TR-ID-900271,Offline,2026-03-25T01:00:37Z,2718.0,USD,0400024240866,1,2096.0
id,29,TR-ID-900272,Offline,2025-12-17T19:46:26Z,735.0,USD,97290933,1,100.0
id,29,TR-ID-900272,Offline,2025-12-17T19:46:26Z,735.0,USD,0400001358522,1,290.0
id,29,TR-ID-900272,Offline,2025-12-17T19:46:26Z,735.0,USD,0400026421551,1,345.0
id,18,TR-ID-900273,Offline,2025-11-14T00:20:01Z,6830.0,USD,0400020405151,1,830.0
id,18,TR-ID-900273,Offline,2025-11-14T00:20:01Z,6830.0,USD,0400026040745,1,6000.0
id,30,TR-ID-900274,Offline,2025-11-11T22:45:45Z,395.0,USD,26517150,1,395.0
id,24,TR-ID-900275,Offline,2026-07-06T09:53:19Z,944.2,USD,21929841,1,135.0
id,24,TR-ID-900275,Offline,2026-07-06T09:53:19Z,944.2,USD,0400024845082,1,159.2
id,24,TR-ID-900275,Offline,2026-07-06T09:53:19Z,944.2,USD,26683046,1,650.0
id,13,TR-ID-900276,Offline,2025-07-30T06:20:11Z,1445.0,USD,0400026785305,1,895.0
id,13,TR-ID-900276,Offline,2025-07-30T06:20:11Z,1445.0,USD,24656158,1,550.0
id,10,TR-ID-900277,Offline,2025-09-29T03:06:15Z,1790.0,USD,20563457,1,995.0
id,10,TR-ID-900277,Offline,2025-09-29T03:06:15Z,1790.0,USD,0400026590478,1,795.0
id,24,TR-ID-900278,Offline,2026-01-30T01:33:29Z,95.0,USD,24660333,1,95.0
id,29,TR-ID-900279,Offline,2025-10-14T00:25:34Z,1053.0,USD,0400026353792,1,398.0
id,29,TR-ID-900279,Offline,2025-10-14T00:25:34Z,1053.0,USD,0400026078279,1,655.0
id,10,TR-ID-900280,Offline,2026-06-19T02:42:36Z,2185.25,USD,0400022843293,1,2100.0
id,10,TR-ID-900280,Offline,2026-06-19T02:42:36Z,2185.25,USD,22157602,1,85.25
id,20,TR-ID-900281,Offline,2025-10-01T04:19:50Z,1529.1,USD,0400025608013,1,903.0
id,20,TR-ID-900281,Offline,2025-10-01T04:19:50Z,1529.1,USD,0400026374768,1,447.0
id,20,TR-ID-900281,Offline,2025-10-01T04:19:50Z,1529.1,USD,0400024216271,1,179.1
id,2,TR-ID-900282,Offline,2026-01-06T03:16:59Z,525.0,USD,0400026277774,1,375.0
id,2,TR-ID-900282,Offline,2026-01-06T03:16:59Z,525.0,USD,17090147,1,150.0
id,18,TR-ID-900283,Offline,2026-07-16T20:11:35Z,2220.0,USD,0400024236996,1,1850.0
id,18,TR-ID-900283,Offline,2026-07-16T20:11:35Z,2220.0,USD,0400026406811,1,370.0
id,23,TR-ID-900284,Offline,2026-02-20T14:09:28Z,294.0,USD,22942403,1,115.0
id,23,TR-ID-900284,Offline,2026-02-20T14:09:28Z,294.0,USD,0400026651219,1,179.0
id,7,TR-ID-900285,Offline,2025-10-02T05:18:57Z,850.0,USD,0400026220062,1,850.0
id,21,TR-ID-900286,Offline,2026-03-11T08:52:32Z,553.0,USD,0400020548998,1,395.0
id,21,TR-ID-900286,Offline,2026-03-11T08:52:32Z,553.0,USD,21782226,1,158.0
id,7,TR-ID-900287,Offline,2026-04-07T14:39:42Z,550.0,USD,0400001589381,1,210.0
id,7,TR-ID-900287,Offline,2026-04-07T14:39:42Z,550.0,USD,19599823,1,340.0
id,14,TR-ID-900288,Offline,2025-08-15T05:33:08Z,190.0,USD,24660276,1,190.0
id,1,TR-ID-900289,Offline,2026-05-28T00:14:21Z,915.0,USD,0400021832923,1,505.0
id,1,TR-ID-900289,Offline,2026-05-28T00:14:21Z,915.0,USD,23970286,1,410.0
id,29,TR-ID-900290,Offline,2026-03-12T00:07:18Z,1822.49,USD,0400026043874,1,834.0
id,29,TR-ID-900290,Offline,2026-03-12T00:07:18Z,1822.49,USD,26382551,1,690.0
id,29,TR-ID-900290,Offline,2026-03-12T00:07:18Z,1822.49,USD,23002559,1,298.49
id,6,TR-ID-900291,Offline,2026-04-06T10:44:53Z,195.0,USD,18465794,1,195.0
id,12,TR-ID-900292,Offline,2025-11-12T19:11:50Z,195.0,USD,26625143,1,195.0
id,13,TR-ID-900293,Offline,2025-08-28T02:53:28Z,386.0,USD,0400026362582,1,175.0
id,13,TR-ID-900293,Offline,2025-08-28T02:53:28Z,386.0,USD,14542306,1,43.0
id,13,TR-ID-900293,Offline,2025-08-28T02:53:28Z,386.0,USD,0400026391269,1,168.0
id,6,TR-ID-900294,Offline,2025-10-19T12:52:32Z,2770.0,USD,0400026106526,1,1520.0
id,6,TR-ID-900294,Offline,2025-10-19T12:52:32Z,2770.0,USD,0400024855460,1,1250.0
id,10,TR-ID-900295,Offline,2025-07-22T21:23:35Z,295.0,USD,0400026536125,1,295.0
id,14,TR-ID-900296,Offline,2025-09-05T04:42:54Z,96.0,USD,10774606,1,96.0
id,14,TR-ID-900297,Offline,2026-01-27T04:06:38Z,1963.0,USD,12347581,1,413.0
id,14,TR-ID-900297,Offline,2026-01-27T04:06:38Z,1963.0,USD,0400017226948,1,1550.0
id,23,TR-ID-900298,Offline,2025-12-31T13:32:24Z,1542.0,USD,24407315,1,152.0
id,23,TR-ID-900298,Offline,2025-12-31T13:32:24Z,1542.0,USD,0400026858534,1,1390.0
id,24,TR-ID-900299,Offline,2026-04-12T09:27:53Z,1095.0,USD,26457202,1,900.0
id,24,TR-ID-900299,Offline,2026-04-12T09:27:53Z,1095.0,USD,20591594,1,195.0
id,12,TR-ID-900300,Offline,2026-06-28T09:00:55Z,1133.0,USD,23232983,1,535.0
id,12,TR-ID-900300,Offline,2026-06-28T09:00:55Z,1133.0,USD,0400026287424,1,598.0
id,8,TR-ID-900301,Offline,2025-09-07T03:15:06Z,860.0,USD,20315272,1,720.0
id,8,TR-ID-900301,Offline,2025-09-07T03:15:06Z,860.0,USD,24810329,1,140.0
id,29,TR-ID-900302,Offline,2025-10-10T23:48:01Z,4250.0,USD,0400024255076,1,2800.0
id,29,TR-ID-900302,Offline,2025-10-10T23:48:01Z,4250.0,USD,0400026969620,1,1450.0
id,4,TR-ID-900303,Offline,2026-04-27T23:38:11Z,1150.0,USD,0400026501736,1,1150.0
id,14,TR-ID-900304,Offline,2025-08-09T10:34:46Z,707.0,USD,25616685,1,77.0
id,14,TR-ID-900304,Offline,2025-08-09T10:34:46Z,707.0,USD,0400026061743,1,630.0
id,23,TR-ID-900305,Offline,2025-11-14T22:35:17Z,2313.0,USD,24382004,1,120.0
id,23,TR-ID-900305,Offline,2025-11-14T22:35:17Z,2313.0,USD,0400026413908,1,198.0
id,23,TR-ID-900305,Offline,2025-11-14T22:35:17Z,2313.0,USD,25981993,1,1995.0
id,20,TR-ID-900306,Offline,2026-04-03T16:35:51Z,9985.0,USD,18711382,1,1890.0
id,20,TR-ID-900306,Offline,2026-04-03T16:35:51Z,9985.0,USD,0400026710883,1,7500.0
id,20,TR-ID-900306,Offline,2026-04-03T16:35:51Z,9985.0,USD,0400020326185,1,595.0
id,16,TR-ID-900307,Offline,2026-04-30T00:48:45Z,40.6,USD,25596988,1,40.6
id,1,TR-ID-900308,Offline,2025-11-06T12:19:15Z,898.0,USD,0400026536906,1,898.0
id,5,TR-ID-900309,Offline,2025-12-22T00:08:35Z,2380.0,USD,18928958,1,250.0
id,5,TR-ID-900309,Offline,2025-12-22T00:08:35Z,2380.0,USD,0400025986919,1,1380.0
id,5,TR-ID-900309,Offline,2025-12-22T00:08:35Z,2380.0,USD,0400023063581,1,750.0
id,30,TR-ID-900310,Offline,2025-12-05T05:41:08Z,1654.0,USD,22369312,1,364.0
id,30,TR-ID-900310,Offline,2025-12-05T05:41:08Z,1654.0,USD,0400025723256,1,1290.0
id,7,TR-ID-900311,Offline,2026-05-16T07:33:09Z,178.0,USD,18611628,1,178.0
id,13,TR-ID-900312,Offline,2025-07-31T22:16:13Z,908.49,USD,21386235,1,295.0
id,13,TR-ID-900312,Offline,2025-07-31T22:16:13Z,908.49,USD,21865564,1,118.49
id,13,TR-ID-900312,Offline,2025-07-31T22:16:13Z,908.49,USD,0400026723983,1,495.0
id,27,TR-ID-900313,Offline,2026-04-23T18:55:21Z,6145.0,USD,26948691,1,355.0
id,27,TR-ID-900313,Offline,2026-04-23T18:55:21Z,6145.0,USD,0400026629991,1,1390.0
id,27,TR-ID-900313,Offline,2026-04-23T18:55:21Z,6145.0,USD,22192139,1,4400.0
id,1,TR-ID-900314,Offline,2026-04-21T19:07:23Z,196.0,USD,23048843,1,196.0
id,30,TR-ID-900315,Offline,2026-01-22T23:02:10Z,4153.8,USD,24435196,1,208.8
id,30,TR-ID-900315,Offline,2026-01-22T23:02:10Z,4153.8,USD,17464281,1,3945.0
id,7,TR-ID-900316,Offline,2025-11-04T17:22:04Z,135.0,USD,24656040,1,135.0
id,27,TR-ID-900317,Offline,2026-04-17T04:45:51Z,2485.0,USD,0400026041468,1,1990.0
id,27,TR-ID-900317,Offline,2026-04-17T04:45:51Z,2485.0,USD,0400022648294,1,495.0
id,21,TR-ID-900318,Offline,2025-08-11T07:02:57Z,270.0,USD,0400026120247,1,270.0
id,22,TR-ID-900319,Offline,2026-03-31T19:13:12Z,803.0,USD,22353085,1,695.0
id,22,TR-ID-900319,Offline,2026-03-31T19:13:12Z,803.0,USD,0400026362691,1,108.0
id,16,TR-ID-900320,Offline,2026-01-11T08:50:21Z,3200.0,USD,0400002258439,1,1150.0
id,16,TR-ID-900320,Offline,2026-01-11T08:50:21Z,3200.0,USD,0400021994654,1,2050.0
id,21,TR-ID-900321,Offline,2026-06-11T12:56:47Z,6197.5,USD,25201578,1,437.5
id,21,TR-ID-900321,Offline,2026-06-11T12:56:47Z,6197.5,USD,26694477,1,5580.0
id,21,TR-ID-900321,Offline,2026-06-11T12:56:47Z,6197.5,USD,25731432,1,180.0
id,29,TR-ID-900322,Offline,2026-05-17T17:10:22Z,1955.0,USD,0400026476721,1,1800.0
id,29,TR-ID-900322,Offline,2026-05-17T17:10:22Z,1955.0,USD,22007897,1,100.0
id,29,TR-ID-900322,Offline,2026-05-17T17:10:22Z,1955.0,USD,25647737,1,55.0
id,16,TR-ID-900323,Offline,2026-06-26T15:11:34Z,1519.6,USD,22757379,1,149.6
id,16,TR-ID-900323,Offline,2026-06-26T15:11:34Z,1519.6,USD,0400026350277,1,745.0
id,16,TR-ID-900323,Offline,2026-06-26T15:11:34Z,1519.6,USD,0400026261974,1,625.0
id,16,TR-ID-900324,Offline,2026-07-12T19:30:53Z,1402.0,USD,0400026414013,1,297.0
id,16,TR-ID-900324,Offline,2026-07-12T19:30:53Z,1402.0,USD,26595835,1,830.0
id,16,TR-ID-900324,Offline,2026-07-12T19:30:53Z,1402.0,USD,0400026383520,1,275.0
id,9,TR-ID-900325,Offline,2026-01-30T00:58:14Z,1790.0,USD,0400024798437,1,1495.0
id,9,TR-ID-900325,Offline,2026-01-30T00:58:14Z,1790.0,USD,0400026418195,1,295.0
id,3,TR-ID-900326,Offline,2026-03-07T19:09:43Z,295.0,USD,0400026835869,1,295.0
id,1,TR-ID-900327,Offline,2026-07-16T05:45:53Z,902.0,USD,0400010040754,1,590.0
id,1,TR-ID-900327,Offline,2026-07-16T05:45:53Z,902.0,USD,0400022677395,1,312.0
id,22,TR-ID-900328,Offline,2025-12-21T06:28:33Z,1030.0,USD,0400011886179,1,595.0
id,22,TR-ID-900328,Offline,2025-12-21T06:28:33Z,1030.0,USD,24824834,1,435.0
id,18,TR-ID-900329,Offline,2025-08-04T06:54:22Z,1625.0,USD,0400026314416,1,350.0
id,18,TR-ID-900329,Offline,2025-08-04T06:54:22Z,1625.0,USD,0400026435784,1,425.0
id,18,TR-ID-900329,Offline,2025-08-04T06:54:22Z,1625.0,USD,0400023125493,1,850.0
id,2,TR-ID-900330,Offline,2025-10-28T22:58:16Z,1395.0,USD,0400001193281,1,450.0
id,2,TR-ID-900330,Offline,2025-10-28T22:58:16Z,1395.0,USD,0400026295882,1,945.0
id,18,TR-ID-900331,Offline,2025-12-15T14:12:16Z,500.0,USD,22345363,1,500.0
id,8,TR-ID-900332,Offline,2025-08-07T17:45:55Z,510.5,USD,25965755,1,395.0
id,8,TR-ID-900332,Offline,2025-08-07T17:45:55Z,510.5,USD,0400026489777,1,115.5
id,18,TR-ID-900333,Offline,2025-08-19T18:18:25Z,1453.0,USD,0400025918686,1,198.0
id,18,TR-ID-900333,Offline,2025-08-19T18:18:25Z,1453.0,USD,0400025455109,1,870.0
id,18,TR-ID-900333,Offline,2025-08-19T18:18:25Z,1453.0,USD,88777056,1,385.0
id,10,TR-ID-900334,Offline,2025-08-17T22:42:26Z,650.0,USD,16186831,1,650.0
id,28,TR-ID-900335,Offline,2025-12-24T23:29:50Z,1887.0,USD,24436752,1,642.0
id,28,TR-ID-900335,Offline,2025-12-24T23:29:50Z,1887.0,USD,0400022292449,1,250.0
id,28,TR-ID-900335,Offline,2025-12-24T23:29:50Z,1887.0,USD,0400026333490,1,995.0
id,11,TR-ID-900336,Offline,2026-06-24T00:08:26Z,2750.0,USD,0400026569407,1,2750.0
id,19,TR-ID-900337,Offline,2026-06-27T12:23:46Z,328.0,USD,18652567,1,130.0
id,19,TR-ID-900337,Offline,2026-06-27T12:23:46Z,328.0,USD,18439668,1,198.0
id,24,TR-ID-900338,Offline,2026-03-06T03:14:08Z,25.0,USD,9299705,1,25.0
id,14,TR-ID-900339,Offline,2025-09-16T09:14:24Z,8937.0,USD,12513010,1,42.0
id,14,TR-ID-900339,Offline,2025-09-16T09:14:24Z,8937.0,USD,0400026569925,1,8400.0
id,14,TR-ID-900339,Offline,2025-09-16T09:14:24Z,8937.0,USD,0400022656137,1,495.0
id,26,TR-ID-900340,Offline,2025-07-23T21:11:05Z,3015.0,USD,26457202,1,900.0
id,26,TR-ID-900340,Offline,2025-07-23T21:11:05Z,3015.0,USD,0400021266030,1,115.0
id,26,TR-ID-900340,Offline,2025-07-23T21:11:05Z,3015.0,USD,14492713,1,2000.0
id,26,TR-ID-900341,Offline,2025-07-19T17:38:30Z,80.0,USD,23856272,1,80.0
id,6,TR-ID-900342,Offline,2025-11-12T14:59:57Z,165.0,USD,26677414,1,165.0
id,10,TR-ID-900343,Offline,2025-11-27T14:34:30Z,7409.5,USD,0400025451598,1,696.5
id,10,TR-ID-900343,Offline,2025-11-27T14:34:30Z,7409.5,USD,0400026012661,1,1113.0
id,10,TR-ID-900343,Offline,2025-11-27T14:34:30Z,7409.5,USD,0400026873748,1,5600.0
id,29,TR-ID-900344,Offline,2025-11-24T09:19:00Z,4518.0,USD,0400026490924,1,950.0
id,29,TR-ID-900344,Offline,2025-11-24T09:19:00Z,4518.0,USD,0400026169221,1,3500.0
id,29,TR-ID-900344,Offline,2025-11-24T09:19:00Z,4518.0,USD,0400023845361,1,68.0
id,19,TR-ID-900345,Offline,2025-08-15T07:28:04Z,1958.0,USD,16480428,1,550.0
id,19,TR-ID-900345,Offline,2025-08-15T07:28:04Z,1958.0,USD,0400026448978,1,248.0
id,19,TR-ID-900345,Offline,2025-08-15T07:28:04Z,1958.0,USD,0400022862509,1,1160.0
id,8,TR-ID-900346,Offline,2026-06-20T19:34:41Z,1612.0,USD,25727251,1,125.0
id,8,TR-ID-900346,Offline,2026-06-20T19:34:41Z,1612.0,USD,0400025208277,1,237.0
id,8,TR-ID-900346,Offline,2026-06-20T19:34:41Z,1612.0,USD,0400023008555,1,1250.0
id,13,TR-ID-900347,Offline,2026-06-21T15:29:40Z,1407.5,USD,0400026516950,1,1295.0
id,13,TR-ID-900347,Offline,2026-06-21T15:29:40Z,1407.5,USD,0400022301768,1,112.5
id,17,TR-ID-900348,Offline,2026-02-21T14:45:22Z,870.0,USD,0400026431681,1,550.0
id,17,TR-ID-900348,Offline,2026-02-21T14:45:22Z,870.0,USD,26831471,1,320.0
id,11,TR-ID-900349,Offline,2026-03-31T23:57:50Z,497.6,USD,0400021455785,1,102.6
id,11,TR-ID-900349,Offline,2026-03-31T23:57:50Z,497.6,USD,11573555,1,395.0
id,11,TR-ID-900350,Offline,2025-11-23T08:08:12Z,950.0,USD,0400026063579,1,950.0
id,27,TR-ID-900351,Offline,2025-10-31T19:13:13Z,2297.5,USD,26613131,1,370.0
id,27,TR-ID-900351,Offline,2025-10-31T19:13:13Z,2297.5,USD,0400026417919,1,277.5
id,27,TR-ID-900351,Offline,2025-10-31T19:13:13Z,2297.5,USD,22185471,1,1650.0
id,12,TR-ID-900352,Offline,2025-08-30T11:59:33Z,348.0,USD,0400026310643,1,348.0
id,12,TR-ID-900353,Offline,2025-10-15T15:16:04Z,448.75,USD,12882212,1,250.0
id,12,TR-ID-900353,Offline,2025-10-15T15:16:04Z,448.75,USD,0400026456400,1,198.75
id,12,TR-ID-900354,Offline,2026-04-26T10:17:48Z,950.0,USD,0400026877624,1,950.0
id,19,TR-ID-900355,Offline,2025-10-06T22:13:43Z,39.0,USD,21584919,1,39.0
id,25,TR-ID-900356,Offline,2025-12-01T19:53:01Z,1690.0,USD,0400022654969,1,1690.0
id,8,TR-ID-900357,Offline,2026-02-04T18:47:20Z,1590.0,USD,24425570,1,290.0
id,8,TR-ID-900357,Offline,2026-02-04T18:47:20Z,1590.0,USD,19572510,1,150.0
id,8,TR-ID-900357,Offline,2026-02-04T18:47:20Z,1590.0,USD,0400026721685,1,1150.0
id,6,TR-ID-900358,Offline,2025-09-02T13:34:46Z,1610.0,USD,24374688,1,375.0
id,6,TR-ID-900358,Offline,2025-09-02T13:34:46Z,1610.0,USD,90962668,1,395.0
id,6,TR-ID-900358,Offline,2025-09-02T13:34:46Z,1610.0,USD,21447820,1,840.0
id,1,TR-ID-900359,Offline,2026-07-16T19:45:22Z,640.0,USD,86685189,1,45.0
id,1,TR-ID-900359,Offline,2026-07-16T19:45:22Z,640.0,USD,26844878,1,595.0
id,9,TR-ID-900360,Offline,2026-01-25T18:59:47Z,2425.0,USD,0400026200280,1,925.0
id,9,TR-ID-900360,Offline,2026-01-25T18:59:47Z,2425.0,USD,0400026967331,1,1500.0
id,21,TR-ID-900361,Offline,2025-12-10T02:50:13Z,1345.0,USD,24233335,1,1345.0
id,25,TR-ID-900362,Offline,2025-08-12T06:35:32Z,1885.0,USD,0400022990567,1,1100.0
id,25,TR-ID-900362,Offline,2025-08-12T06:35:32Z,1885.0,USD,26447710,1,600.0
id,25,TR-ID-900362,Offline,2025-08-12T06:35:32Z,1885.0,USD,26035205,1,185.0
id,15,TR-ID-900363,Offline,2026-06-03T20:54:56Z,110.0,USD,26755425,1,110.0
id,6,TR-ID-900364,Offline,2026-05-02T03:22:24Z,2633.75,USD,0400026329066,1,543.75
id,6,TR-ID-900364,Offline,2026-05-02T03:22:24Z,2633.75,USD,0400026296525,1,1400.0
id,6,TR-ID-900364,Offline,2026-05-02T03:22:24Z,2633.75,USD,26548452,1,690.0
id,15,TR-ID-900365,Offline,2026-05-08T05:10:29Z,3008.0,USD,0400017919024,1,198.0
id,15,TR-ID-900365,Offline,2026-05-08T05:10:29Z,3008.0,USD,13928126,1,260.0
id,15,TR-ID-900365,Offline,2026-05-08T05:10:29Z,3008.0,USD,0400025194828,1,2550.0
id,11,TR-ID-900366,Offline,2025-11-26T21:09:55Z,2155.99,USD,0400022698972,1,50.99
id,11,TR-ID-900366,Offline,2025-11-26T21:09:55Z,2155.99,USD,0400026438254,1,1250.0
id,11,TR-ID-900366,Offline,2025-11-26T21:09:55Z,2155.99,USD,0400026414902,1,855.0
id,18,TR-ID-900367,Offline,2026-06-21T07:36:50Z,895.0,USD,0400026598355,1,355.0
id,18,TR-ID-900367,Offline,2026-06-21T07:36:50Z,895.0,USD,20758367,1,540.0
id,11,TR-ID-900368,Offline,2026-05-23T07:51:21Z,393.0,USD,26698182,1,325.0
id,11,TR-ID-900368,Offline,2026-05-23T07:51:21Z,393.0,USD,0400001619939,1,68.0
id,26,TR-ID-900369,Offline,2025-08-27T12:40:44Z,855.0,USD,25968307,1,215.0
id,26,TR-ID-900369,Offline,2025-08-27T12:40:44Z,855.0,USD,0400026431691,1,640.0
id,11,TR-ID-900370,Offline,2025-09-29T10:40:27Z,1068.0,USD,0400024204192,1,1068.0
id,28,TR-ID-900371,Offline,2026-05-13T07:42:08Z,185.0,USD,21338821,1,185.0
id,24,TR-ID-900372,Offline,2025-10-31T15:59:29Z,1375.0,USD,24384335,1,125.0
id,24,TR-ID-900372,Offline,2025-10-31T15:59:29Z,1375.0,USD,0400026479970,1,1250.0
id,25,TR-ID-900373,Offline,2026-03-09T08:29:21Z,3999.0,USD,25458779,1,199.0
id,25,TR-ID-900373,Offline,2026-03-09T08:29:21Z,3999.0,USD,0400026569478,1,3800.0
id,1,TR-ID-900374,Offline,2026-03-13T08:31:10Z,2443.0,USD,0400023056059,1,745.0
id,1,TR-ID-900374,Offline,2026-03-13T08:31:10Z,2443.0,USD,0400026587633,1,1300.0
id,1,TR-ID-900374,Offline,2026-03-13T08:31:10Z,2443.0,USD,0400026291770,1,398.0
id,11,TR-ID-900375,Offline,2026-03-30T09:00:43Z,1703.0,USD,13251586,1,57.0
id,11,TR-ID-900375,Offline,2026-03-30T09:00:43Z,1703.0,USD,0400022226791,1,348.0
id,11,TR-ID-900375,Offline,2026-03-30T09:00:43Z,1703.0,USD,0400022806359,1,1298.0
id,6,TR-ID-900376,Offline,2026-02-01T13:31:30Z,107.99,USD,21615414,1,107.99
id,12,TR-ID-900377,Offline,2026-03-16T15:04:03Z,1295.0,USD,0400022956074,1,1295.0
id,29,TR-ID-900378,Offline,2025-10-21T11:02:24Z,139.0,USD,0400026453965,1,139.0
id,27,TR-ID-900379,Offline,2026-02-04T18:29:46Z,350.0,USD,24804643,1,350.0
id,20,TR-ID-900380,Offline,2025-09-24T08:40:52Z,486.5,USD,0400026437940,1,486.5
id,15,TR-ID-900381,Offline,2025-12-07T06:01:19Z,1630.0,USD,26596195,1,650.0
id,15,TR-ID-900381,Offline,2025-12-07T06:01:19Z,1630.0,USD,0400019145132,1,290.0
id,15,TR-ID-900381,Offline,2025-12-07T06:01:19Z,1630.0,USD,0400026393578,1,690.0
id,6,TR-ID-900382,Offline,2026-01-20T02:28:11Z,340.49,USD,0400026718196,1,225.0
id,6,TR-ID-900382,Offline,2026-01-20T02:28:11Z,340.49,USD,20133266,1,115.49
id,20,TR-ID-900383,Offline,2025-12-21T13:29:09Z,343.6,USD,0400022407348,1,208.6
id,20,TR-ID-900383,Offline,2025-12-21T13:29:09Z,343.6,USD,21024263,1,135.0
id,4,TR-ID-900384,Offline,2026-06-25T23:50:36Z,24800.0,USD,25069224,1,24800.0
id,23,TR-ID-900385,Offline,2026-01-29T07:47:31Z,90.0,USD,73576299,1,90.0
id,14,TR-ID-900386,Offline,2025-09-01T23:38:09Z,672.0,USD,18337149,1,42.0
id,14,TR-ID-900386,Offline,2025-09-01T23:38:09Z,672.0,USD,22944905,1,495.0
id,14,TR-ID-900386,Offline,2025-09-01T23:38:09Z,672.0,USD,0400023291028,1,135.0
id,8,TR-ID-900387,Offline,2026-05-12T06:13:12Z,3848.88,USD,22454792,1,350.0
id,8,TR-ID-900387,Offline,2026-05-12T06:13:12Z,3848.88,USD,0400023000412,1,3498.88
id,1,TR-ID-900388,Offline,2025-11-06T14:26:23Z,265.5,USD,17585625,1,265.5
id,22,TR-ID-900389,Offline,2026-07-04T05:37:57Z,1625.0,USD,0400026172717,1,1000.0
id,22,TR-ID-900389,Offline,2026-07-04T05:37:57Z,1625.0,USD,0400011197138,1,625.0
id,6,TR-ID-900390,Offline,2026-03-10T09:06:21Z,9975.0,USD,26629867,1,9000.0
id,6,TR-ID-900390,Offline,2026-03-10T09:06:21Z,9975.0,USD,0400021995484,1,975.0
id,27,TR-ID-900391,Offline,2025-08-19T19:40:24Z,1848.59,USD,0400001235164,1,975.0
id,27,TR-ID-900391,Offline,2025-08-19T19:40:24Z,1848.59,USD,0400023002755,1,560.0
id,27,TR-ID-900391,Offline,2025-08-19T19:40:24Z,1848.59,USD,24785508,1,313.59
id,4,TR-ID-900392,Offline,2025-10-10T01:46:37Z,399.0,USD,23857878,1,399.0
id,20,TR-ID-900393,Offline,2026-04-15T05:11:58Z,650.0,USD,0400019000055,1,650.0
id,2,TR-ID-900394,Offline,2026-04-25T01:20:09Z,2553.49,USD,20355836,1,157.5
id,2,TR-ID-900394,Offline,2026-04-25T01:20:09Z,2553.49,USD,0400024686193,1,2395.99
id,7,TR-ID-900395,Offline,2026-02-28T09:23:02Z,195.0,USD,0400013083611,1,195.0
id,10,TR-ID-900396,Offline,2026-02-15T16:29:43Z,300.0,USD,0400024508651,1,300.0
id,21,TR-ID-900397,Offline,2025-08-29T04:10:59Z,1375.5,USD,0400023501017,1,297.5
id,21,TR-ID-900397,Offline,2025-08-29T04:10:59Z,1375.5,USD,0400026334900,1,649.0
id,21,TR-ID-900397,Offline,2025-08-29T04:10:59Z,1375.5,USD,0400022936961,1,429.0
id,20,TR-ID-900398,Offline,2025-12-23T14:15:06Z,3485.0,USD,0400026540161,1,2800.0
id,20,TR-ID-900398,Offline,2025-12-23T14:15:06Z,3485.0,USD,0400022011329,1,595.0
id,20,TR-ID-900398,Offline,2025-12-23T14:15:06Z,3485.0,USD,92530614,1,90.0
id,29,TR-ID-900399,Offline,2026-05-26T15:14:07Z,2125.0,USD,0400022898978,1,395.0
id,29,TR-ID-900399,Offline,2026-05-26T15:14:07Z,2125.0,USD,0400026510182,1,155.0
id,29,TR-ID-900399,Offline,2026-05-26T15:14:07Z,2125.0,USD,0400024355817,1,1575.0
id,19,TR-ID-900400,Offline,2026-05-05T12:50:18Z,700.0,USD,22957244,1,205.0
id,19,TR-ID-900400,Offline,2026-05-05T12:50:18Z,700.0,USD,0400026402354,1,495.0
id,25,TR-ID-900401,Offline,2026-06-20T10:47:05Z,178.8,USD,0400022593493,1,178.8
id,29,TR-ID-900402,Offline,2025-12-28T03:35:43Z,1160.0,USD,26298947,1,170.0
id,29,TR-ID-900402,Offline,2025-12-28T03:35:43Z,1160.0,USD,0400022140696,1,990.0
id,22,TR-ID-900403,Offline,2025-10-01T03:48:05Z,2380.0,USD,24660348,1,90.0
id,22,TR-ID-900403,Offline,2025-10-01T03:48:05Z,2380.0,USD,14737699,1,495.0
id,22,TR-ID-900403,Offline,2025-10-01T03:48:05Z,2380.0,USD,0400022947211,1,1795.0
id,30,TR-ID-900404,Offline,2025-07-24T03:21:50Z,2940.0,USD,0400022482493,1,1050.0
id,30,TR-ID-900404,Offline,2025-07-24T03:21:50Z,2940.0,USD,0400025569106,1,1890.0
id,8,TR-ID-900405,Offline,2025-12-19T08:41:21Z,1380.0,USD,21943013,1,370.0
id,8,TR-ID-900405,Offline,2025-12-19T08:41:21Z,1380.0,USD,0400026619622,1,260.0
id,8,TR-ID-900405,Offline,2025-12-19T08:41:21Z,1380.0,USD,0400026247228,1,750.0
id,16,TR-ID-900406,Offline,2025-11-27T20:31:24Z,350.0,USD,19029234,1,350.0
id,28,TR-ID-900407,Offline,2025-09-21T03:57:45Z,1070.0,USD,0400026295079,1,795.0
id,28,TR-ID-900407,Offline,2025-09-21T03:57:45Z,1070.0,USD,0400026469077,1,275.0
id,19,TR-ID-900408,Offline,2026-07-10T09:14:58Z,160.0,USD,24660231,1,160.0
id,29,TR-ID-900409,Offline,2025-11-01T05:13:35Z,4898.0,USD,0400025593498,1,2290.0
id,29,TR-ID-900409,Offline,2025-11-01T05:13:35Z,4898.0,USD,0400025918686,1,198.0
id,29,TR-ID-900409,Offline,2025-11-01T05:13:35Z,4898.0,USD,0400025641038,1,2410.0
id,24,TR-ID-900410,Offline,2025-10-11T09:41:41Z,275.0,USD,22651274,1,275.0
id,10,TR-ID-900411,Offline,2026-02-28T09:29:36Z,342.0,USD,26232294,1,342.0
id,25,TR-ID-900412,Offline,2026-06-23T18:32:02Z,208.6,USD,0400026276753,1,208.6
id,23,TR-ID-900413,Offline,2026-04-25T02:07:43Z,2478.0,USD,14737731,1,1460.0
id,23,TR-ID-900413,Offline,2026-04-25T02:07:43Z,2478.0,USD,0400024217412,1,820.0
id,23,TR-ID-900413,Offline,2026-04-25T02:07:43Z,2478.0,USD,0400021515106,1,198.0
id,1,TR-ID-900414,Offline,2026-05-04T04:50:27Z,549.0,USD,26501039,1,350.0
id,1,TR-ID-900414,Offline,2026-05-04T04:50:27Z,549.0,USD,0400024212770,1,199.0
id,7,TR-ID-900415,Offline,2025-10-04T20:28:40Z,495.0,USD,0400014866163,1,495.0
id,27,TR-ID-900416,Offline,2026-03-23T16:50:26Z,1095.49,USD,24857954,1,88.49
id,27,TR-ID-900416,Offline,2026-03-23T16:50:26Z,1095.49,USD,0400026971766,1,869.0
id,27,TR-ID-900416,Offline,2026-03-23T16:50:26Z,1095.49,USD,0400026468477,1,138.0
id,25,TR-ID-900417,Offline,2026-04-25T21:36:32Z,260.0,USD,26505766,1,65.0
id,25,TR-ID-900417,Offline,2026-04-25T21:36:32Z,260.0,USD,0400026547579,1,195.0
id,21,TR-ID-900418,Offline,2025-08-10T21:04:49Z,2390.0,USD,8311544,1,2390.0
id,24,TR-ID-900419,Offline,2025-12-22T05:36:54Z,4767.0,USD,18444295,1,69.0
id,24,TR-ID-900419,Offline,2025-12-22T05:36:54Z,4767.0,USD,17942473,1,4200.0
id,24,TR-ID-900419,Offline,2025-12-22T05:36:54Z,4767.0,USD,0400026356174,1,498.0
id,19,TR-ID-900420,Offline,2025-09-29T14:59:14Z,237.0,USD,25727146,1,155.0
id,19,TR-ID-900420,Offline,2025-09-29T14:59:14Z,237.0,USD,22731833,1,82.0
id,3,TR-ID-900421,Offline,2025-09-30T07:07:58Z,1080.0,USD,22884329,1,710.0
id,3,TR-ID-900421,Offline,2025-09-30T07:07:58Z,1080.0,USD,0400026299630,1,160.0
id,3,TR-ID-900421,Offline,2025-09-30T07:07:58Z,1080.0,USD,23080518,1,210.0
id,4,TR-ID-900422,Offline,2025-08-14T01:18:30Z,1538.0,USD,0400026175456,1,880.0
id,4,TR-ID-900422,Offline,2025-08-14T01:18:30Z,1538.0,USD,0400024206460,1,68.0
id,4,TR-ID-900422,Offline,2025-08-14T01:18:30Z,1538.0,USD,0400020458243,1,590.0
id,23,TR-ID-900423,Offline,2026-03-19T13:37:07Z,1080.0,USD,10640436,1,185.0
id,23,TR-ID-900423,Offline,2026-03-19T13:37:07Z,1080.0,USD,26507093,1,895.0
id,16,TR-ID-900424,Offline,2026-03-13T11:32:28Z,2355.0,USD,0400024415998,1,595.0
id,16,TR-ID-900424,Offline,2026-03-13T11:32:28Z,2355.0,USD,0400023125690,1,1430.0
id,16,TR-ID-900424,Offline,2026-03-13T11:32:28Z,2355.0,USD,24056467,1,330.0
id,10,TR-ID-900425,Offline,2026-06-25T06:52:12Z,980.0,USD,11592055,1,130.0
id,10,TR-ID-900425,Offline,2026-06-25T06:52:12Z,980.0,USD,0400026065681,1,850.0
id,28,TR-ID-900426,Offline,2025-07-21T08:27:17Z,1195.0,USD,26704910,1,300.0
id,28,TR-ID-900426,Offline,2025-07-21T08:27:17Z,1195.0,USD,24660553,1,895.0
id,4,TR-ID-900427,Offline,2025-10-14T11:38:15Z,3226.5,USD,0400022672894,1,2595.0
id,4,TR-ID-900427,Offline,2025-10-14T11:38:15Z,3226.5,USD,0400023898625,1,495.0
id,4,TR-ID-900427,Offline,2025-10-14T11:38:15Z,3226.5,USD,22946812,1,136.5
id,12,TR-ID-900428,Offline,2026-06-03T09:59:46Z,1450.0,USD,26813706,1,1450.0
id,2,TR-ID-900429,Offline,2025-12-11T06:29:58Z,1616.0,USD,0400025204354,1,1290.0
id,2,TR-ID-900429,Offline,2025-12-11T06:29:58Z,1616.0,USD,0400026679161,1,98.0
id,2,TR-ID-900429,Offline,2025-12-11T06:29:58Z,1616.0,USD,0400019876972,1,228.0
id,5,TR-ID-900430,Offline,2025-09-11T05:02:11Z,15493.0,USD,0400026344097,1,148.0
id,5,TR-ID-900430,Offline,2025-09-11T05:02:11Z,15493.0,USD,26232560,1,14550.0
id,5,TR-ID-900430,Offline,2025-09-11T05:02:11Z,15493.0,USD,19359570,1,795.0
id,17,TR-ID-900431,Offline,2025-11-07T20:30:22Z,2264.99,USD,0400025549821,1,1450.0
id,17,TR-ID-900431,Offline,2025-11-07T20:30:22Z,2264.99,USD,22353160,1,365.0
id,17,TR-ID-900431,Offline,2025-11-07T20:30:22Z,2264.99,USD,0400023037178,1,449.99
id,4,TR-ID-900432,Offline,2026-07-01T04:04:47Z,1188.0,USD,0400026291770,1,398.0
id,4,TR-ID-900432,Offline,2026-07-01T04:04:47Z,1188.0,USD,22946788,1,195.0
id,4,TR-ID-900432,Offline,2026-07-01T04:04:47Z,1188.0,USD,0400026078233,1,595.0
id,26,TR-ID-900433,Offline,2025-11-28T03:40:20Z,399.0,USD,24425584,1,399.0
id,27,TR-ID-900434,Offline,2026-02-25T10:08:00Z,2135.0,USD,22666042,1,1125.0
id,27,TR-ID-900434,Offline,2026-02-25T10:08:00Z,2135.0,USD,22666032,1,1010.0
id,21,TR-ID-900435,Offline,2025-09-27T15:24:10Z,479.0,USD,0400026576321,1,350.0
id,21,TR-ID-900435,Offline,2025-09-27T15:24:10Z,479.0,USD,0400001513109,1,129.0
id,11,TR-ID-900436,Offline,2025-12-04T18:56:44Z,1575.0,USD,21577941,1,725.0
id,11,TR-ID-900436,Offline,2025-12-04T18:56:44Z,1575.0,USD,0400026967349,1,850.0
id,8,TR-ID-900437,Offline,2025-11-11T06:59:44Z,213.0,USD,26595729,1,85.0
id,8,TR-ID-900437,Offline,2025-11-11T06:59:44Z,213.0,USD,0400026424276,1,128.0
id,29,TR-ID-900438,Offline,2025-11-25T01:02:36Z,462.75,USD,0400025550485,1,132.75
id,29,TR-ID-900438,Offline,2025-11-25T01:02:36Z,462.75,USD,0400026375453,1,330.0
id,15,TR-ID-900439,Offline,2025-07-19T15:38:40Z,250.0,USD,23000585,1,250.0
id,9,TR-ID-900440,Offline,2026-04-07T09:43:16Z,413.0,USD,0400026489861,1,395.0
id,9,TR-ID-900440,Offline,2026-04-07T09:43:16Z,413.0,USD,22914837,1,18.0
id,3,TR-ID-900441,Offline,2026-04-02T11:56:06Z,617.75,USD,0400026280808,1,280.0
id,3,TR-ID-900441,Offline,2026-04-02T11:56:06Z,617.75,USD,0400026077535,1,250.0
id,3,TR-ID-900441,Offline,2026-04-02T11:56:06Z,617.75,USD,22782066,1,87.75
id,26,TR-ID-900442,Offline,2025-12-30T01:22:48Z,350.0,USD,25731367,1,350.0
id,26,TR-ID-900443,Offline,2026-05-23T19:16:23Z,140.0,USD,11432041,1,140.0
id,4,TR-ID-900444,Offline,2026-01-13T02:12:20Z,364.0,USD,24259494,1,364.0
id,7,TR-ID-900445,Offline,2026-03-13T23:14:52Z,564.0,USD,26217968,1,99.0
id,7,TR-ID-900445,Offline,2026-03-13T23:14:52Z,564.0,USD,0400026472356,1,400.0
id,7,TR-ID-900445,Offline,2026-03-13T23:14:52Z,564.0,USD,20795432,1,65.0
id,12,TR-ID-900446,Offline,2025-12-15T17:12:12Z,600.0,USD,26509013,1,600.0
id,20,TR-ID-900447,Offline,2026-06-27T00:02:28Z,1450.0,USD,17178241,1,150.0
id,20,TR-ID-900447,Offline,2026-06-27T00:02:28Z,1450.0,USD,0400026612093,1,1300.0
id,11,TR-ID-900448,Offline,2025-08-27T22:49:36Z,1715.0,USD,0400025967431,1,753.0
id,11,TR-ID-900448,Offline,2025-08-27T22:49:36Z,1715.0,USD,0400026516983,1,598.0
id,11,TR-ID-900448,Offline,2025-08-27T22:49:36Z,1715.0,USD,0400025927339,1,364.0
id,12,TR-ID-900449,Offline,2025-10-23T05:54:32Z,315.0,USD,0400026496619,1,315.0
id,1,TR-ID-900450,Offline,2025-12-04T21:32:22Z,405.0,USD,22332553,1,325.0
id,1,TR-ID-900450,Offline,2025-12-04T21:32:22Z,405.0,USD,89753216,1,80.0
id,10,TR-ID-900451,Offline,2025-10-02T00:59:27Z,240.0,USD,22441256,1,240.0
id,30,TR-ID-900452,Offline,2026-04-07T16:45:46Z,1090.5,USD,17587727,1,490.5
id,30,TR-ID-900452,Offline,2026-04-07T16:45:46Z,1090.5,USD,26493886,1,600.0
id,22,TR-ID-900453,Offline,2025-12-04T02:18:23Z,175.0,USD,26552017,1,175.0
id,8,TR-ID-900454,Offline,2026-05-10T20:11:20Z,467.0,USD,26586693,1,267.0
id,8,TR-ID-900454,Offline,2026-05-10T20:11:20Z,467.0,USD,26331020,1,200.0
id,21,TR-ID-900455,Offline,2025-09-22T01:46:27Z,465.0,USD,0400015725470,1,465.0
id,30,TR-ID-900456,Offline,2025-11-18T05:35:56Z,1217.99,USD,13398025,1,300.0
id,30,TR-ID-900456,Offline,2025-11-18T05:35:56Z,1217.99,USD,0400025647553,1,414.0
id,30,TR-ID-900456,Offline,2025-11-18T05:35:56Z,1217.99,USD,20816184,1,503.99
id,9,TR-ID-900457,Offline,2026-05-15T03:51:42Z,139.0,USD,0400025628638,1,139.0
id,24,TR-ID-900458,Offline,2025-09-19T02:31:25Z,201.25,USD,22754002,1,55.0
id,24,TR-ID-900458,Offline,2025-09-19T02:31:25Z,201.25,USD,0400025579693,1,146.25
id,28,TR-ID-900459,Offline,2026-03-31T06:54:16Z,42.0,USD,18828928,1,42.0
id,8,TR-ID-900460,Offline,2025-08-25T15:22:07Z,1017.0,USD,24656567,1,220.0
id,8,TR-ID-900460,Offline,2025-08-25T15:22:07Z,1017.0,USD,0400025931554,1,357.0
id,8,TR-ID-900460,Offline,2025-08-25T15:22:07Z,1017.0,USD,20722035,1,440.0
id,22,TR-ID-900461,Offline,2025-11-06T04:51:11Z,580.0,USD,26506143,1,295.0
id,22,TR-ID-900461,Offline,2025-11-06T04:51:11Z,580.0,USD,0400019148312,1,145.0
id,22,TR-ID-900461,Offline,2025-11-06T04:51:11Z,580.0,USD,24864507,1,140.0
id,12,TR-ID-900462,Offline,2025-09-19T07:40:51Z,1018.0,USD,0400022097044,1,128.0
id,12,TR-ID-900462,Offline,2025-09-19T07:40:51Z,1018.0,USD,0400026393546,1,890.0
id,16,TR-ID-900463,Offline,2026-04-16T08:46:39Z,375.0,USD,0400026498578,1,375.0
id,20,TR-ID-900464,Offline,2025-08-23T17:02:43Z,970.0,USD,0400025723372,1,375.0
id,20,TR-ID-900464,Offline,2025-08-23T17:02:43Z,970.0,USD,0400026748491,1,595.0
id,23,TR-ID-900465,Offline,2025-08-28T16:56:02Z,388.0,USD,21435330,1,90.0
id,23,TR-ID-900465,Offline,2025-08-28T16:56:02Z,388.0,USD,0400022883985,1,298.0
id,28,TR-ID-900466,Offline,2025-09-21T16:04:52Z,1970.0,USD,22454793,1,380.0
id,28,TR-ID-900466,Offline,2025-09-21T16:04:52Z,1970.0,USD,26629928,1,750.0
id,28,TR-ID-900466,Offline,2025-09-21T16:04:52Z,1970.0,USD,0400024702886,1,840.0
id,22,TR-ID-900467,Offline,2026-06-11T08:07:40Z,1133.0,USD,0400026184405,1,350.0
id,22,TR-ID-900467,Offline,2026-06-11T08:07:40Z,1133.0,USD,24228380,1,605.0
id,22,TR-ID-900467,Offline,2026-06-11T08:07:40Z,1133.0,USD,0400026508704,1,178.0
id,9,TR-ID-900468,Offline,2025-11-10T22:41:34Z,2032.0,USD,87634208,1,82.0
id,9,TR-ID-900468,Offline,2025-11-10T22:41:34Z,2032.0,USD,0400025642394,1,1950.0
id,12,TR-ID-900469,Offline,2026-03-24T03:44:12Z,3100.0,USD,26070106,1,3100.0
id,11,TR-ID-900470,Offline,2026-07-08T03:02:05Z,12625.0,USD,13045732,1,5900.0
id,11,TR-ID-900470,Offline,2026-07-08T03:02:05Z,12625.0,USD,19112794,1,6400.0
id,11,TR-ID-900470,Offline,2026-07-08T03:02:05Z,12625.0,USD,14264019,1,325.0
id,5,TR-ID-900471,Offline,2025-11-03T01:16:09Z,80.0,USD,23856269,1,80.0
id,7,TR-ID-900472,Offline,2026-06-02T17:59:33Z,962.5,USD,0400026313741,1,227.5
id,7,TR-ID-900472,Offline,2026-06-02T17:59:33Z,962.5,USD,0400026414861,1,420.0
id,7,TR-ID-900472,Offline,2026-06-02T17:59:33Z,962.5,USD,17528737,1,315.0
id,17,TR-ID-900473,Offline,2026-06-01T06:22:54Z,2538.75,USD,0400021533905,1,1450.0
id,17,TR-ID-900473,Offline,2026-06-01T06:22:54Z,2538.75,USD,0400026449309,1,620.0
id,17,TR-ID-900473,Offline,2026-06-01T06:22:54Z,2538.75,USD,0400024783690,1,468.75
id,22,TR-ID-900474,Offline,2025-08-20T23:14:44Z,133.49,USD,24227580,1,58.49
id,22,TR-ID-900474,Offline,2025-08-20T23:14:44Z,133.49,USD,22766739,1,75.0
id,14,TR-ID-900475,Offline,2026-06-26T00:01:43Z,140.0,USD,24864510,1,140.0
id,14,TR-ID-900476,Offline,2025-09-27T21:45:41Z,782.5,USD,12405394,1,86.0
id,14,TR-ID-900476,Offline,2025-09-27T21:45:41Z,782.5,USD,0400025451598,1,696.5
id,24,TR-ID-900477,Offline,2025-12-20T04:08:24Z,395.0,USD,14218896,1,395.0
id,16,TR-ID-900478,Offline,2026-06-09T05:59:02Z,2237.49,USD,24232324,1,87.49
id,16,TR-ID-900478,Offline,2026-06-09T05:59:02Z,2237.49,USD,0400025081736,1,1850.0
id,16,TR-ID-900478,Offline,2026-06-09T05:59:02Z,2237.49,USD,0400024508651,1,300.0
id,20,TR-ID-900479,Offline,2026-06-22T02:08:18Z,2604.39,USD,0400026063897,1,1400.0
id,20,TR-ID-900479,Offline,2026-06-22T02:08:18Z,2604.39,USD,0400026353434,1,995.0
id,20,TR-ID-900479,Offline,2026-06-22T02:08:18Z,2604.39,USD,21345563,1,209.39
id,3,TR-ID-900480,Offline,2026-06-08T08:50:25Z,1175.0,USD,0400026493576,1,1000.0
id,3,TR-ID-900480,Offline,2026-06-08T08:50:25Z,1175.0,USD,26254174,1,175.0
id,22,TR-ID-900481,Offline,2025-11-05T20:30:02Z,1528.49,USD,22651034,1,133.49
id,22,TR-ID-900481,Offline,2025-11-05T20:30:02Z,1528.49,USD,0400026053599,1,1395.0
id,11,TR-ID-900482,Offline,2025-10-30T09:09:12Z,55.0,USD,24853154,1,55.0
id,30,TR-ID-900483,Offline,2026-04-19T04:25:17Z,110.0,USD,0400026573101,1,110.0
id,15,TR-ID-900484,Offline,2025-08-06T13:03:09Z,89.0,USD,0400024242154,1,89.0
id,2,TR-ID-900485,Offline,2026-06-23T02:02:33Z,1610.75,USD,18172159,1,1610.75
id,15,TR-ID-900486,Offline,2026-06-22T11:02:24Z,950.0,USD,25438949,1,400.0
id,15,TR-ID-900486,Offline,2026-06-22T11:02:24Z,950.0,USD,0400022745139,1,550.0
id,28,TR-ID-900487,Offline,2026-01-12T19:03:51Z,3810.0,USD,17302021,1,2700.0
id,28,TR-ID-900487,Offline,2026-01-12T19:03:51Z,3810.0,USD,0472215372546,1,170.0
id,28,TR-ID-900487,Offline,2026-01-12T19:03:51Z,3810.0,USD,0400024225902,1,940.0
id,29,TR-ID-900488,Offline,2025-12-26T02:13:09Z,1263.0,USD,26184589,1,258.0
id,29,TR-ID-900488,Offline,2025-12-26T02:13:09Z,1263.0,USD,0400025967260,1,865.0
id,29,TR-ID-900488,Offline,2025-12-26T02:13:09Z,1263.0,USD,26552018,1,140.0
id,18,TR-ID-900489,Offline,2026-06-25T14:22:22Z,1098.0,USD,0400021591420,1,178.0
id,18,TR-ID-900489,Offline,2026-06-25T14:22:22Z,1098.0,USD,0400026946472,1,425.0
id,18,TR-ID-900489,Offline,2026-06-25T14:22:22Z,1098.0,USD,26434694,1,495.0
id,16,TR-ID-900490,Offline,2026-04-21T17:29:22Z,1085.0,USD,0400022753441,1,1085.0
id,24,TR-ID-900491,Offline,2025-12-15T23:01:49Z,1125.0,USD,14737668,1,1125.0
id,9,TR-ID-900492,Offline,2026-04-27T13:20:02Z,216.6,USD,22940103,1,96.6
id,9,TR-ID-900492,Offline,2026-04-27T13:20:02Z,216.6,USD,26649584,1,120.0
id,26,TR-ID-900493,Offline,2026-05-27T15:31:46Z,955.0,USD,24660309,1,160.0
id,26,TR-ID-900493,Offline,2026-05-27T15:31:46Z,955.0,USD,0400026546020,1,795.0
id,2,TR-ID-900494,Offline,2026-06-10T07:13:18Z,247.0,USD,0400024694171,1,165.0
id,2,TR-ID-900494,Offline,2026-06-10T07:13:18Z,247.0,USD,38446415,1,82.0
id,23,TR-ID-900495,Offline,2026-03-12T19:04:34Z,190.0,USD,24660179,1,190.0
id,15,TR-ID-900496,Offline,2025-08-07T01:30:06Z,3549.0,USD,0400023287992,1,299.0
id,15,TR-ID-900496,Offline,2025-08-07T01:30:06Z,3549.0,USD,0400026306119,1,3250.0
id,10,TR-ID-900497,Offline,2026-04-29T01:30:03Z,486.5,USD,0400024234783,1,486.5
id,16,TR-ID-900498,Offline,2026-03-06T17:08:51Z,1380.0,USD,21567883,1,990.0
id,16,TR-ID-900498,Offline,2026-03-06T17:08:51Z,1380.0,USD,26198923,1,390.0
id,21,TR-ID-900499,Offline,2026-02-09T02:09:40Z,3000.0,USD,26229204,1,3000.0
id,5,TR-ID-900500,Offline,2025-08-30T02:17:48Z,1700.0,USD,0400024694327,1,1250.0
id,5,TR-ID-900500,Offline,2025-08-30T02:17:48Z,1700.0,USD,0400026773529,1,450.0
id,12,TR-ID-900501,Offline,2026-01-15T22:17:59Z,892.0,USD,19304992,1,475.0
id,12,TR-ID-900501,Offline,2026-01-15T22:17:59Z,892.0,USD,0400026078031,1,417.0
id,18,TR-ID-900502,Offline,2026-06-20T18:58:17Z,640.0,USD,0400025738071,1,265.0
id,18,TR-ID-900502,Offline,2026-06-20T18:58:17Z,640.0,USD,0400026536008,1,375.0
id,27,TR-ID-900503,Offline,2026-01-08T10:25:55Z,4100.0,USD,0400025721219,1,1150.0
id,27,TR-ID-900503,Offline,2026-01-08T10:25:55Z,4100.0,USD,0400024241259,1,2950.0
id,4,TR-ID-900504,Offline,2025-10-14T06:11:44Z,148.0,USD,20913009,1,148.0
id,16,TR-ID-900505,Offline,2026-05-13T15:59:06Z,1378.0,USD,0400026443134,1,378.0
id,16,TR-ID-900505,Offline,2026-05-13T15:59:06Z,1378.0,USD,19950108,1,405.0
id,16,TR-ID-900505,Offline,2026-05-13T15:59:06Z,1378.0,USD,26075984,1,595.0
id,27,TR-ID-900506,Offline,2026-07-06T22:08:06Z,3555.0,USD,0400001348060,1,155.0
id,27,TR-ID-900506,Offline,2026-07-06T22:08:06Z,3555.0,USD,0400026173030,1,3400.0
id,1,TR-ID-900507,Offline,2025-11-04T08:30:31Z,229.0,USD,0400026610810,1,229.0
id,15,TR-ID-900508,Offline,2026-04-05T12:41:17Z,3750.0,USD,26479896,1,2000.0
id,15,TR-ID-900508,Offline,2026-04-05T12:41:17Z,3750.0,USD,0400026904324,1,1750.0
id,30,TR-ID-900509,Offline,2025-09-04T06:53:27Z,1250.0,USD,0400025953798,1,1250.0
id,13,TR-ID-900510,Offline,2025-12-24T02:07:20Z,29.99,USD,16405199,1,29.99
id,13,TR-ID-900511,Offline,2026-05-09T14:18:21Z,623.0,USD,0400025647658,1,623.0
id,15,TR-ID-900512,Offline,2025-11-16T20:58:18Z,2855.0,USD,26672293,1,65.0
id,15,TR-ID-900512,Offline,2025-11-16T20:58:18Z,2855.0,USD,0400026115981,1,2790.0
id,20,TR-ID-900513,Offline,2026-02-02T18:43:05Z,95.0,USD,24660333,1,95.0
id,2,TR-ID-900514,Offline,2025-09-28T15:12:18Z,7150.0,USD,0400024237117,1,7150.0
id,1,TR-ID-900515,Offline,2026-06-04T00:40:06Z,610.0,USD,0400022981787,1,610.0
id,26,TR-ID-900516,Offline,2025-08-06T06:18:50Z,1255.0,USD,16926010,1,285.0
id,26,TR-ID-900516,Offline,2025-08-06T06:18:50Z,1255.0,USD,0400026179649,1,745.0
id,26,TR-ID-900516,Offline,2025-08-06T06:18:50Z,1255.0,USD,0400024812204,1,225.0
id,5,TR-ID-900517,Offline,2026-02-28T05:06:08Z,6050.0,USD,26584493,1,5500.0
id,5,TR-ID-900517,Offline,2026-02-28T05:06:08Z,6050.0,USD,22110221,1,550.0
id,22,TR-ID-900518,Offline,2025-07-24T07:49:36Z,670.0,USD,26948685,1,275.0
id,22,TR-ID-900518,Offline,2025-07-24T07:49:36Z,670.0,USD,14917892,1,395.0
id,20,TR-ID-900519,Offline,2025-09-25T19:56:44Z,2678.75,USD,0400026632720,1,123.75
id,20,TR-ID-900519,Offline,2025-09-25T19:56:44Z,2678.75,USD,25586410,1,1875.0
id,20,TR-ID-900519,Offline,2025-09-25T19:56:44Z,2678.75,USD,17939693,1,680.0
id,17,TR-ID-900520,Offline,2026-02-22T06:34:55Z,640.0,USD,0400026200416,1,570.0
id,17,TR-ID-900520,Offline,2026-02-22T06:34:55Z,640.0,USD,24542117,1,70.0
id,21,TR-ID-900521,Offline,2026-06-30T10:32:45Z,758.0,USD,0400021684254,1,278.0
id,21,TR-ID-900521,Offline,2026-06-30T10:32:45Z,758.0,USD,24508835,1,480.0
id,12,TR-ID-900522,Offline,2025-08-02T12:35:09Z,1149.0,USD,24520344,1,275.0
id,12,TR-ID-900522,Offline,2025-08-02T12:35:09Z,1149.0,USD,24020948,1,160.0
id,12,TR-ID-900522,Offline,2025-08-02T12:35:09Z,1149.0,USD,0400026185863,1,714.0
id,10,TR-ID-900523,Offline,2026-05-23T05:18:09Z,1059.6,USD,0400025203028,1,264.6
id,10,TR-ID-900523,Offline,2026-05-23T05:18:09Z,1059.6,USD,26498187,1,795.0
id,10,TR-ID-900524,Offline,2026-06-12T23:06:24Z,3600.0,USD,24507685,1,3000.0
id,10,TR-ID-900524,Offline,2026-06-12T23:06:24Z,3600.0,USD,26493602,1,600.0
id,5,TR-ID-900525,Offline,2025-11-04T18:17:38Z,66.5,USD,20556213,1,66.5
id,24,TR-ID-900526,Offline,2025-12-19T17:50:10Z,460.0,USD,21468948,1,460.0
id,8,TR-ID-900527,Offline,2026-04-13T07:58:32Z,1175.0,USD,0400001589461,1,255.0
id,8,TR-ID-900527,Offline,2026-04-13T07:58:32Z,1175.0,USD,0400024812779,1,920.0
id,29,TR-ID-900528,Offline,2026-06-02T10:02:35Z,5185.0,USD,18628881,1,385.0
id,29,TR-ID-900528,Offline,2026-06-02T10:02:35Z,5185.0,USD,0400025079061,1,4800.0
id,15,TR-ID-900529,Offline,2026-05-19T02:07:47Z,3531.0,USD,23856528,1,235.0
id,15,TR-ID-900529,Offline,2026-05-19T02:07:47Z,3531.0,USD,25662964,1,96.0
id,15,TR-ID-900529,Offline,2026-05-19T02:07:47Z,3531.0,USD,0400026613189,1,3200.0
id,2,TR-ID-900530,Offline,2026-01-12T19:24:38Z,457.6,USD,0400026296736,1,345.0
id,2,TR-ID-900530,Offline,2026-01-12T19:24:38Z,457.6,USD,10526523,1,45.6
id,2,TR-ID-900530,Offline,2026-01-12T19:24:38Z,457.6,USD,22785415,1,67.0
id,30,TR-ID-900531,Offline,2026-05-23T13:37:36Z,955.0,USD,24852635,1,85.0
id,30,TR-ID-900531,Offline,2026-05-23T13:37:36Z,955.0,USD,15051130,1,450.0
id,30,TR-ID-900531,Offline,2026-05-23T13:37:36Z,955.0,USD,0400022853256,1,420.0
id,3,TR-ID-900532,Offline,2026-07-11T22:35:34Z,990.0,USD,0400026480022,1,990.0
id,24,TR-ID-900533,Offline,2026-02-20T20:46:35Z,62.0,USD,22775249,1,62.0
id,27,TR-ID-900534,Offline,2025-08-13T06:41:58Z,105.0,USD,0400016388662,1,105.0
id,23,TR-ID-900535,Offline,2025-07-26T18:40:10Z,900.0,USD,26595934,1,900.0
id,26,TR-ID-900536,Offline,2026-03-23T16:06:26Z,350.0,USD,11436872,1,350.0
id,22,TR-ID-900537,Offline,2025-10-14T18:50:31Z,1074.0,USD,0400025708260,1,850.0
id,22,TR-ID-900537,Offline,2025-10-14T18:50:31Z,1074.0,USD,0400024212584,1,224.0
id,17,TR-ID-900538,Offline,2026-01-29T07:15:33Z,4990.0,USD,0400026622285,1,495.0
id,17,TR-ID-900538,Offline,2026-01-29T07:15:33Z,4990.0,USD,0400026305148,1,2545.0
id,17,TR-ID-900538,Offline,2026-01-29T07:15:33Z,4990.0,USD,0400026019351,1,1950.0
id,23,TR-ID-900539,Offline,2025-11-09T02:50:11Z,1175.0,USD,26268641,1,130.0
id,23,TR-ID-900539,Offline,2025-11-09T02:50:11Z,1175.0,USD,0400025925113,1,1045.0
id,17,TR-ID-900540,Offline,2025-08-21T23:47:50Z,2145.0,USD,0400026492330,1,45.0
id,17,TR-ID-900540,Offline,2025-08-21T23:47:50Z,2145.0,USD,0400024209043,1,2100.0
id,30,TR-ID-900541,Offline,2025-07-31T04:59:33Z,4285.0,USD,0400026609279,1,2990.0
id,30,TR-ID-900541,Offline,2025-07-31T04:59:33Z,4285.0,USD,0400026431911,1,1295.0
id,26,TR-ID-900542,Offline,2026-02-26T09:44:12Z,6740.0,USD,24400121,1,90.0
id,26,TR-ID-900542,Offline,2026-02-26T09:44:12Z,6740.0,USD,0400025962950,1,6200.0
id,26,TR-ID-900542,Offline,2026-02-26T09:44:12Z,6740.0,USD,0400018589890,1,450.0
id,13,TR-ID-900543,Offline,2026-03-03T20:04:39Z,415.0,USD,26582654,1,415.0
id,29,TR-ID-900544,Offline,2026-03-08T11:42:06Z,1978.25,USD,0400020155125,1,1653.25
id,29,TR-ID-900544,Offline,2026-03-08T11:42:06Z,1978.25,USD,0400022440546,1,325.0
id,13,TR-ID-900545,Offline,2025-12-10T13:54:23Z,2715.0,USD,26232746,1,330.0
id,13,TR-ID-900545,Offline,2025-12-10T13:54:23Z,2715.0,USD,0400024807158,1,1095.0
id,13,TR-ID-900545,Offline,2025-12-10T13:54:23Z,2715.0,USD,0400026629987,1,1290.0
id,12,TR-ID-900546,Offline,2025-12-18T20:24:02Z,806.6,USD,24242147,1,99.0
id,12,TR-ID-900546,Offline,2025-12-18T20:24:02Z,806.6,USD,0400025072162,1,117.6
id,12,TR-ID-900546,Offline,2025-12-18T20:24:02Z,806.6,USD,26881238,1,590.0
id,3,TR-ID-900547,Offline,2026-01-06T05:36:19Z,2256.5,USD,0400026386576,1,416.5
id,3,TR-ID-900547,Offline,2026-01-06T05:36:19Z,2256.5,USD,0400017400850,1,1390.0
id,3,TR-ID-900547,Offline,2026-01-06T05:36:19Z,2256.5,USD,0400026387459,1,450.0
id,21,TR-ID-900548,Offline,2025-08-28T08:26:09Z,695.0,USD,0400026284892,1,695.0
id,19,TR-ID-900549,Offline,2025-08-19T07:37:13Z,165.0,USD,23856254,1,165.0
id,15,TR-ID-900550,Offline,2025-12-29T08:41:04Z,1957.5,USD,0400024221500,1,300.0
id,15,TR-ID-900550,Offline,2025-12-29T08:41:04Z,1957.5,USD,0400017996239,1,1657.5
id,27,TR-ID-900551,Offline,2026-03-23T23:00:25Z,479.0,USD,0400023287988,1,299.0
id,27,TR-ID-900551,Offline,2026-03-23T23:00:25Z,479.0,USD,11486459,1,180.0
id,5,TR-ID-900552,Offline,2026-05-24T17:45:05Z,138.0,USD,0400026372915,1,138.0
id,1,TR-ID-900553,Offline,2026-04-28T16:59:03Z,1438.0,USD,0400026812369,1,1190.0
id,1,TR-ID-900553,Offline,2026-04-28T16:59:03Z,1438.0,USD,0400021814353,1,248.0
id,9,TR-ID-900554,Offline,2026-02-07T06:15:11Z,1205.0,USD,19905897,1,115.0
id,9,TR-ID-900554,Offline,2026-02-07T06:15:11Z,1205.0,USD,0400026519953,1,1090.0
id,24,TR-ID-900555,Offline,2026-04-10T03:49:53Z,1332.5,USD,11526864,1,54.0
id,24,TR-ID-900555,Offline,2026-04-10T03:49:53Z,1332.5,USD,0400026333476,1,995.0
id,24,TR-ID-900555,Offline,2026-04-10T03:49:53Z,1332.5,USD,0400026291947,1,283.5
id,5,TR-ID-900556,Offline,2026-03-22T17:01:43Z,1405.0,USD,16480433,1,1405.0
id,3,TR-ID-900557,Offline,2025-09-20T03:20:11Z,1590.0,USD,26630309,1,1590.0
id,12,TR-ID-900558,Offline,2026-04-08T08:08:20Z,297.5,USD,0400021358364,1,297.5
id,17,TR-ID-900559,Offline,2025-08-11T04:16:32Z,1925.0,USD,24518933,1,735.0
id,17,TR-ID-900559,Offline,2025-08-11T04:16:32Z,1925.0,USD,26626015,1,40.0
id,17,TR-ID-900559,Offline,2025-08-11T04:16:32Z,1925.0,USD,0400001104684,1,1150.0
id,25,TR-ID-900560,Offline,2026-05-26T16:09:20Z,600.0,USD,0400021312306,1,600.0
id,29,TR-ID-900561,Offline,2026-01-29T14:57:58Z,10900.0,USD,0400024237247,1,10900.0
id,13,TR-ID-900562,Offline,2025-10-24T07:53:48Z,902.0,USD,0400026336162,1,855.0
id,13,TR-ID-900562,Offline,2025-10-24T07:53:48Z,902.0,USD,21033394,1,47.0
id,28,TR-ID-900563,Offline,2025-11-12T05:54:35Z,55.0,USD,10622649,1,55.0
id,27,TR-ID-900564,Offline,2025-08-10T00:32:35Z,873.99,USD,0400022668362,1,698.0
id,27,TR-ID-900564,Offline,2025-08-10T00:32:35Z,873.99,USD,0400016040112,1,68.0
id,27,TR-ID-900564,Offline,2025-08-10T00:32:35Z,873.99,USD,22639135,1,107.99
id,13,TR-ID-900565,Offline,2026-01-22T11:01:34Z,813.1,USD,0400026588566,1,395.0
id,13,TR-ID-900565,Offline,2026-01-22T11:01:34Z,813.1,USD,20484804,1,76.5
id,13,TR-ID-900565,Offline,2026-01-22T11:01:34Z,813.1,USD,0400020386306,1,341.6
id,12,TR-ID-900566,Offline,2026-07-09T18:19:37Z,287.0,USD,25582711,1,225.0
id,12,TR-ID-900566,Offline,2026-07-09T18:19:37Z,287.0,USD,18877946,1,62.0
id,6,TR-ID-900567,Offline,2026-06-19T14:41:40Z,1650.0,USD,0400026296812,1,1650.0
id,24,TR-ID-900568,Offline,2026-02-11T06:02:59Z,408.0,USD,14104042,1,90.0
id,24,TR-ID-900568,Offline,2026-02-11T06:02:59Z,408.0,USD,0400021684189,1,318.0
id,20,TR-ID-900569,Offline,2026-01-31T06:30:13Z,1950.0,USD,0400021995465,1,1125.0
id,20,TR-ID-900569,Offline,2026-01-31T06:30:13Z,1950.0,USD,0400026693914,1,680.0
id,20,TR-ID-900569,Offline,2026-01-31T06:30:13Z,1950.0,USD,26374775,1,145.0
id,15,TR-ID-900570,Offline,2025-08-22T21:09:46Z,110.0,USD,25087269,1,110.0
id,29,TR-ID-900571,Offline,2026-06-29T15:24:14Z,918.0,USD,0400015274532,1,620.0
id,29,TR-ID-900571,Offline,2026-06-29T15:24:14Z,918.0,USD,0400026355953,1,298.0
id,23,TR-ID-900572,Offline,2025-07-21T06:21:42Z,4386.0,USD,24382373,1,400.0
id,23,TR-ID-900572,Offline,2025-07-21T06:21:42Z,4386.0,USD,0400026370246,1,336.0
id,23,TR-ID-900572,Offline,2025-07-21T06:21:42Z,4386.0,USD,0400026063842,1,3650.0
id,27,TR-ID-900573,Offline,2026-07-08T03:12:48Z,2125.0,USD,0400021110044,1,1480.0
id,27,TR-ID-900573,Offline,2026-07-08T03:12:48Z,2125.0,USD,23903013,1,645.0
id,20,TR-ID-900574,Offline,2026-05-23T20:49:06Z,13240.0,USD,0400022432732,1,7250.0
id,20,TR-ID-900574,Offline,2026-05-23T20:49:06Z,13240.0,USD,0400026629602,1,5990.0
id,17,TR-ID-900575,Offline,2026-02-08T14:31:17Z,2530.5,USD,0400022263264,1,124.0
id,17,TR-ID-900575,Offline,2026-02-08T14:31:17Z,2530.5,USD,0400025646851,1,1990.0
id,17,TR-ID-900575,Offline,2026-02-08T14:31:17Z,2530.5,USD,21048434,1,416.5
id,12,TR-ID-900576,Offline,2025-09-18T01:52:38Z,1168.0,USD,26757085,1,238.0
id,12,TR-ID-900576,Offline,2025-09-18T01:52:38Z,1168.0,USD,0400026019442,1,930.0
id,6,TR-ID-900577,Offline,2026-06-08T07:48:49Z,380.0,USD,25749636,1,380.0
id,24,TR-ID-900578,Offline,2025-10-21T21:49:48Z,1400.0,USD,21820309,1,170.0
id,24,TR-ID-900578,Offline,2025-10-21T21:49:48Z,1400.0,USD,25963787,1,375.0
id,24,TR-ID-900578,Offline,2025-10-21T21:49:48Z,1400.0,USD,0400026519995,1,855.0
id,6,TR-ID-900579,Offline,2026-02-13T19:22:07Z,240.0,USD,19881278,1,185.0
id,6,TR-ID-900579,Offline,2026-02-13T19:22:07Z,240.0,USD,0477414786422,1,55.0
id,17,TR-ID-900580,Offline,2025-09-05T04:36:22Z,655.0,USD,0400023315274,1,655.0
id,16,TR-ID-900581,Offline,2025-07-29T11:01:18Z,2146.25,USD,0400026518192,1,671.25
id,16,TR-ID-900581,Offline,2025-07-29T11:01:18Z,2146.25,USD,0400026172894,1,1200.0
id,16,TR-ID-900581,Offline,2025-07-29T11:01:18Z,2146.25,USD,3196214,1,275.0
id,29,TR-ID-900582,Offline,2025-07-30T15:55:17Z,3618.0,USD,0400025632240,1,3390.0
id,29,TR-ID-900582,Offline,2025-07-30T15:55:17Z,3618.0,USD,0400026385043,1,228.0
id,19,TR-ID-900583,Offline,2025-08-04T23:43:54Z,3503.5,USD,23080507,1,156.0
id,19,TR-ID-900583,Offline,2025-08-04T23:43:54Z,3503.5,USD,0400026580195,1,3250.0
id,19,TR-ID-900583,Offline,2025-08-04T23:43:54Z,3503.5,USD,21392989,1,97.5
id,4,TR-ID-900584,Offline,2026-03-28T18:02:24Z,9300.0,USD,16947659,1,9300.0
id,25,TR-ID-900585,Offline,2025-07-19T19:58:53Z,665.0,USD,26053871,1,370.0
id,25,TR-ID-900585,Offline,2025-07-19T19:58:53Z,665.0,USD,26046347,1,295.0
id,1,TR-ID-900586,Offline,2025-07-21T17:24:59Z,77.39,USD,21302844,1,77.39
id,21,TR-ID-900587,Offline,2025-08-26T06:57:17Z,4740.0,USD,0400025998875,1,2200.0
id,21,TR-ID-900587,Offline,2025-08-26T06:57:17Z,4740.0,USD,26881251,1,550.0
id,21,TR-ID-900587,Offline,2025-08-26T06:57:17Z,4740.0,USD,0400025580489,1,1990.0
id,24,TR-ID-900588,Offline,2025-09-04T04:52:42Z,357.0,USD,24246433,1,109.0
id,24,TR-ID-900588,Offline,2025-09-04T04:52:42Z,357.0,USD,0400021268409,1,248.0
id,26,TR-ID-900589,Offline,2025-12-02T07:52:29Z,340.0,USD,24521478,1,140.0
id,26,TR-ID-900589,Offline,2025-12-02T07:52:29Z,340.0,USD,0400026520556,1,200.0
id,15,TR-ID-900590,Offline,2026-05-07T04:15:49Z,370.0,USD,24660684,1,370.0
id,24,TR-ID-900591,Offline,2026-06-30T19:03:33Z,896.0,USD,22431459,1,125.0
id,24,TR-ID-900591,Offline,2026-06-30T19:03:33Z,896.0,USD,15889002,1,495.0
id,24,TR-ID-900591,Offline,2026-06-30T19:03:33Z,896.0,USD,18873561,1,276.0
id,14,TR-ID-900592,Offline,2025-08-14T23:38:56Z,220.0,USD,23237241,1,220.0
id,28,TR-ID-900593,Offline,2025-07-19T05:55:50Z,9956.75,USD,22297352,1,133.0
id,28,TR-ID-900593,Offline,2025-07-19T05:55:50Z,9956.75,USD,0400026640946,1,123.75
id,28,TR-ID-900593,Offline,2025-07-19T05:55:50Z,9956.75,USD,21867182,1,9700.0
id,24,TR-ID-900594,Offline,2025-07-17T08:56:57Z,828.45,USD,19583008,1,255.0
id,24,TR-ID-900594,Offline,2025-07-17T08:56:57Z,828.45,USD,24216201,1,188.45
id,24,TR-ID-900594,Offline,2025-07-17T08:56:57Z,828.45,USD,0400010613758,1,385.0
id,9,TR-ID-900595,Offline,2025-08-18T13:37:34Z,188.0,USD,0400026391012,1,188.0
id,12,TR-ID-900596,Offline,2026-07-05T19:56:02Z,1051.0,USD,26552015,1,175.0
id,12,TR-ID-900596,Offline,2026-07-05T19:56:02Z,1051.0,USD,0400024204120,1,876.0
id,29,TR-ID-900597,Offline,2025-09-21T22:05:42Z,3222.5,USD,0400025636670,1,682.5
id,29,TR-ID-900597,Offline,2025-09-21T22:05:42Z,3222.5,USD,0400026232522,1,1150.0
id,29,TR-ID-900597,Offline,2025-09-21T22:05:42Z,3222.5,USD,22243076,1,1390.0
id,29,TR-ID-900598,Offline,2026-01-12T03:12:29Z,2600.0,USD,26579042,1,2600.0
id,14,TR-ID-900599,Offline,2026-04-11T15:03:34Z,2400.0,USD,22073357,1,350.0
id,14,TR-ID-900599,Offline,2026-04-11T15:03:34Z,2400.0,USD,0400026512513,1,2050.0
id,15,TR-ID-900600,Offline,2026-02-05T22:48:16Z,435.0,USD,24425340,1,185.0
id,15,TR-ID-900600,Offline,2026-02-05T22:48:16Z,435.0,USD,0400026298768,1,250.0
id,1,TR-ID-900601,Offline,2026-06-23T02:56:09Z,4685.0,USD,0400026580311,1,995.0
id,1,TR-ID-900601,Offline,2026-06-23T02:56:09Z,4685.0,USD,24238039,1,3690.0
id,1,TR-ID-900602,Offline,2026-07-02T04:40:09Z,735.0,USD,0400024353510,1,735.0
id,4,TR-ID-900603,Offline,2026-06-21T11:36:35Z,1745.0,USD,0400026041014,1,1590.0
id,4,TR-ID-900603,Offline,2026-06-21T11:36:35Z,1745.0,USD,0400026496577,1,45.0
id,4,TR-ID-900603,Offline,2026-06-21T11:36:35Z,1745.0,USD,0400026636107,1,110.0
id,28,TR-ID-900604,Offline,2025-11-23T23:10:54Z,268.0,USD,26489735,1,268.0
id,26,TR-ID-900605,Offline,2026-03-16T23:48:31Z,826.5,USD,16808054,1,725.0
id,26,TR-ID-900605,Offline,2026-03-16T23:48:31Z,826.5,USD,0400022536326,1,101.5
id,6,TR-ID-900606,Offline,2025-10-12T16:12:19Z,7048.0,USD,26953771,1,3650.0
id,6,TR-ID-900606,Offline,2025-10-12T16:12:19Z,7048.0,USD,17302019,1,2600.0
id,6,TR-ID-900606,Offline,2025-10-12T16:12:19Z,7048.0,USD,0400023265300,1,798.0
id,23,TR-ID-900607,Offline,2026-04-07T02:24:16Z,480.0,USD,87552846,1,95.0
id,23,TR-ID-900607,Offline,2026-04-07T02:24:16Z,480.0,USD,0400088776670,1,385.0
id,19,TR-ID-900608,Offline,2026-06-28T08:10:55Z,2830.0,USD,18684427,1,2000.0
id,19,TR-ID-900608,Offline,2026-06-28T08:10:55Z,2830.0,USD,0400024101307,1,830.0
id,7,TR-ID-900609,Offline,2026-05-27T20:53:29Z,805.0,USD,0400024568407,1,650.0
id,7,TR-ID-900609,Offline,2026-05-27T20:53:29Z,805.0,USD,0400022079970,1,155.0
id,30,TR-ID-900610,Offline,2026-02-22T23:43:14Z,497.38,USD,0400022100371,1,138.59
id,30,TR-ID-900610,Offline,2026-02-22T23:43:14Z,497.38,USD,0400023586114,1,358.79
id,20,TR-ID-900611,Offline,2026-05-16T10:28:29Z,4330.0,USD,26391995,1,490.0
id,20,TR-ID-900611,Offline,2026-05-16T10:28:29Z,4330.0,USD,0400022849800,1,890.0
id,20,TR-ID-900611,Offline,2026-05-16T10:28:29Z,4330.0,USD,0438369560316,1,2950.0
id,1,TR-ID-900612,Offline,2025-07-30T00:35:17Z,387.5,USD,0400026371700,1,69.5
id,1,TR-ID-900612,Offline,2025-07-30T00:35:17Z,387.5,USD,0400026784617,1,258.0
id,1,TR-ID-900612,Offline,2025-07-30T00:35:17Z,387.5,USD,22824689,1,60.0
id,15,TR-ID-900613,Offline,2025-08-02T15:10:42Z,2245.0,USD,24408502,1,160.0
id,15,TR-ID-900613,Offline,2025-08-02T15:10:42Z,2245.0,USD,0400025058950,1,1590.0
id,15,TR-ID-900613,Offline,2025-08-02T15:10:42Z,2245.0,USD,0400026513688,1,495.0
id,16,TR-ID-900614,Offline,2026-04-12T05:17:26Z,1054.0,USD,12104327,1,625.0
id,16,TR-ID-900614,Offline,2026-04-12T05:17:26Z,1054.0,USD,0400022936961,1,429.0
id,19,TR-ID-900615,Offline,2025-08-08T08:22:08Z,190.0,USD,24384336,1,190.0
id,15,TR-ID-900616,Offline,2026-07-02T02:23:14Z,1650.0,USD,97854213,1,550.0
id,15,TR-ID-900616,Offline,2026-07-02T02:23:14Z,1650.0,USD,0400024237407,1,1100.0
id,26,TR-ID-900617,Offline,2025-10-15T17:32:28Z,390.0,USD,19719848,1,180.0
id,26,TR-ID-900617,Offline,2025-10-15T17:32:28Z,390.0,USD,24864502,1,210.0
id,26,TR-ID-900618,Offline,2026-02-08T04:56:47Z,450.0,USD,26303948,1,155.0
id,26,TR-ID-900618,Offline,2026-02-08T04:56:47Z,450.0,USD,0467068755974,1,295.0
id,19,TR-ID-900619,Offline,2025-12-03T12:37:34Z,5685.0,USD,25719519,1,795.0
id,19,TR-ID-900619,Offline,2025-12-03T12:37:34Z,5685.0,USD,0400025723314,1,2990.0
id,19,TR-ID-900619,Offline,2025-12-03T12:37:34Z,5685.0,USD,0400025577646,1,1900.0
id,4,TR-ID-900620,Offline,2025-12-16T03:11:40Z,725.0,USD,23844072,1,425.0
id,4,TR-ID-900620,Offline,2025-12-16T03:11:40Z,725.0,USD,0400025550442,1,300.0
id,22,TR-ID-900621,Offline,2026-01-20T19:58:09Z,1340.0,USD,26656209,1,370.0
id,22,TR-ID-900621,Offline,2026-01-20T19:58:09Z,1340.0,USD,0400023073501,1,970.0
id,17,TR-ID-900622,Offline,2025-12-21T02:04:53Z,1968.0,USD,0400025980267,1,1200.0
id,17,TR-ID-900622,Offline,2025-12-21T02:04:53Z,1968.0,USD,0401803885731,1,170.0
id,17,TR-ID-900622,Offline,2025-12-21T02:04:53Z,1968.0,USD,0400026512295,1,598.0
id,13,TR-ID-900623,Offline,2025-11-03T21:57:07Z,975.0,USD,0400022939820,1,560.0
id,13,TR-ID-900623,Offline,2025-11-03T21:57:07Z,975.0,USD,0400022750014,1,195.0
id,13,TR-ID-900623,Offline,2025-11-03T21:57:07Z,975.0,USD,99217501,1,220.0
id,30,TR-ID-900624,Offline,2026-05-05T04:06:45Z,1845.0,USD,0400019356519,1,850.0
id,30,TR-ID-900624,Offline,2026-05-05T04:06:45Z,1845.0,USD,0400026978867,1,995.0
id,24,TR-ID-900625,Offline,2026-04-24T20:13:12Z,345.0,USD,24162868,1,52.0
id,24,TR-ID-900625,Offline,2026-04-24T20:13:12Z,345.0,USD,86871493,1,245.0
id,24,TR-ID-900625,Offline,2026-04-24T20:13:12Z,345.0,USD,11486844,1,48.0
id,7,TR-ID-900626,Offline,2025-11-21T19:16:45Z,1540.0,USD,21687167,1,750.0
id,7,TR-ID-900626,Offline,2025-11-21T19:16:45Z,1540.0,USD,0400026424971,1,790.0
id,27,TR-ID-900627,Offline,2025-12-15T22:44:59Z,1253.0,USD,0400017320670,1,650.0
id,27,TR-ID-900627,Offline,2025-12-15T22:44:59Z,1253.0,USD,0400026035389,1,498.0
id,27,TR-ID-900627,Offline,2025-12-15T22:44:59Z,1253.0,USD,0400025611396,1,105.0
id,4,TR-ID-900628,Offline,2026-05-29T10:10:06Z,101.99,USD,92530256,1,60.0
id,4,TR-ID-900628,Offline,2026-05-29T10:10:06Z,101.99,USD,98884867,1,41.99
id,4,TR-ID-900629,Offline,2026-02-14T02:17:56Z,410.0,USD,0400022440396,1,410.0
id,18,TR-ID-900630,Offline,2026-03-29T00:43:52Z,104.39,USD,22484600,1,104.39
id,17,TR-ID-900631,Offline,2026-06-22T20:04:49Z,470.0,USD,0426630516603,1,470.0
id,14,TR-ID-900632,Offline,2026-02-11T10:35:13Z,70.0,USD,22860248,1,70.0
id,12,TR-ID-900633,Offline,2025-09-24T15:44:55Z,2465.0,USD,22019956,1,575.0
id,12,TR-ID-900633,Offline,2025-09-24T15:44:55Z,2465.0,USD,25364909,1,915.0
id,12,TR-ID-900633,Offline,2025-09-24T15:44:55Z,2465.0,USD,20368716,1,975.0
id,19,TR-ID-900634,Offline,2026-06-06T01:32:33Z,4442.0,USD,22737130,1,245.0
id,19,TR-ID-900634,Offline,2026-06-06T01:32:33Z,4442.0,USD,0400023062955,1,4197.0
id,8,TR-ID-900635,Offline,2025-10-09T17:00:30Z,1140.0,USD,22666021,1,800.0
id,8,TR-ID-900635,Offline,2025-10-09T17:00:30Z,1140.0,USD,0400026375587,1,340.0
id,2,TR-ID-900636,Offline,2025-10-25T09:20:18Z,950.0,USD,0400026188370,1,950.0
id,9,TR-ID-900637,Offline,2025-08-28T00:23:17Z,1810.0,USD,0400026343548,1,1750.0
id,9,TR-ID-900637,Offline,2025-08-28T00:23:17Z,1810.0,USD,11279967,1,60.0
id,8,TR-ID-900638,Offline,2025-12-28T12:29:58Z,3245.0,USD,24242151,1,65.0
id,8,TR-ID-900638,Offline,2025-12-28T12:29:58Z,3245.0,USD,0400022022470,1,690.0
id,8,TR-ID-900638,Offline,2025-12-28T12:29:58Z,3245.0,USD,0400026844976,1,2490.0
id,22,TR-ID-900639,Offline,2026-06-02T12:45:12Z,147.0,USD,15136041,1,115.0
id,22,TR-ID-900639,Offline,2026-06-02T12:45:12Z,147.0,USD,0400021962971,1,32.0
id,4,TR-ID-900640,Offline,2026-06-29T02:22:24Z,847.09,USD,0400022567433,1,178.49
id,4,TR-ID-900640,Offline,2026-06-29T02:22:24Z,847.09,USD,0400024223894,1,495.0
id,4,TR-ID-900640,Offline,2026-06-29T02:22:24Z,847.09,USD,24257968,1,173.6
id,11,TR-ID-900641,Offline,2026-05-16T04:51:02Z,2693.0,USD,0400025703205,1,98.0
id,11,TR-ID-900641,Offline,2026-05-16T04:51:02Z,2693.0,USD,0400025961519,1,425.0
id,11,TR-ID-900641,Offline,2026-05-16T04:51:02Z,2693.0,USD,21861198,1,2170.0
id,21,TR-ID-900642,Offline,2026-03-04T13:47:04Z,645.0,USD,0400016312606,1,645.0
id,19,TR-ID-900643,Offline,2025-12-31T15:00:41Z,180.0,USD,12119768,1,180.0
id,17,TR-ID-900644,Offline,2026-02-17T00:21:00Z,1190.0,USD,0400026473538,1,1190.0
id,25,TR-ID-900645,Offline,2025-12-29T20:33:07Z,2804.0,USD,26560005,1,1650.0
id,25,TR-ID-900645,Offline,2025-12-29T20:33:07Z,2804.0,USD,0400025963206,1,834.0
id,25,TR-ID-900645,Offline,2025-12-29T20:33:07Z,2804.0,USD,26831471,1,320.0
id,2,TR-ID-900646,Offline,2025-08-31T11:36:02Z,2608.0,USD,26017130,1,2150.0
id,2,TR-ID-900646,Offline,2025-08-31T11:36:02Z,2608.0,USD,18283702,1,160.0
id,2,TR-ID-900646,Offline,2025-08-31T11:36:02Z,2608.0,USD,17946455,1,298.0
id,13,TR-ID-900647,Offline,2025-10-02T01:30:13Z,50.0,USD,20155096,1,50.0
id,6,TR-ID-900648,Offline,2025-08-31T17:45:59Z,915.0,USD,25575114,1,915.0
id,19,TR-ID-900649,Offline,2026-05-12T17:09:24Z,493.0,USD,19142384,1,265.0
id,19,TR-ID-900649,Offline,2026-05-12T17:09:24Z,493.0,USD,0400026619966,1,228.0
id,13,TR-ID-900650,Offline,2025-08-07T17:28:55Z,623.0,USD,0400013869929,1,225.0
id,13,TR-ID-900650,Offline,2025-08-07T17:28:55Z,623.0,USD,0400026356242,1,398.0
id,24,TR-ID-900651,Offline,2026-02-08T04:20:42Z,1114.0,USD,22704239,1,30.0
id,24,TR-ID-900651,Offline,2026-02-08T04:20:42Z,1114.0,USD,0400025647010,1,954.0
id,24,TR-ID-900651,Offline,2026-02-08T04:20:42Z,1114.0,USD,18323411,1,130.0
id,29,TR-ID-900652,Offline,2026-07-12T06:43:47Z,1998.0,USD,0400026697835,1,1300.0
id,29,TR-ID-900652,Offline,2026-07-12T06:43:47Z,1998.0,USD,0400021355966,1,698.0
id,12,TR-ID-900653,Offline,2026-03-14T13:26:03Z,1295.0,USD,23235317,1,995.0
id,12,TR-ID-900653,Offline,2026-03-14T13:26:03Z,1295.0,USD,0400024350874,1,300.0
id,1,TR-ID-900654,Offline,2025-07-21T14:40:51Z,1570.0,USD,26813786,1,320.0
id,1,TR-ID-900654,Offline,2025-07-21T14:40:51Z,1570.0,USD,0400023054992,1,895.0
id,1,TR-ID-900654,Offline,2025-07-21T14:40:51Z,1570.0,USD,24519973,1,355.0
id,6,TR-ID-900655,Offline,2026-03-27T09:55:29Z,694.0,USD,17918969,1,96.0
id,6,TR-ID-900655,Offline,2026-03-27T09:55:29Z,694.0,USD,22856911,1,350.0
id,6,TR-ID-900655,Offline,2026-03-27T09:55:29Z,694.0,USD,0400022830672,1,248.0
id,27,TR-ID-900656,Offline,2026-04-01T14:42:15Z,165.0,USD,0400087034247,1,165.0
id,9,TR-ID-900657,Offline,2025-08-22T14:02:28Z,200.4,USD,19806313,1,200.4
id,19,TR-ID-900658,Offline,2025-12-14T13:11:40Z,196.0,USD,21892100,1,196.0
id,18,TR-ID-900659,Offline,2026-04-17T10:32:01Z,3650.0,USD,0400026295654,1,3650.0
id,15,TR-ID-900660,Offline,2026-06-01T23:10:26Z,195.0,USD,19432476,1,195.0
id,28,TR-ID-900661,Offline,2026-05-30T04:57:16Z,2100.0,USD,0400024813196,1,2100.0
id,30,TR-ID-900662,Offline,2026-01-19T03:46:35Z,810.0,USD,18137315,1,295.0
id,30,TR-ID-900662,Offline,2026-01-19T03:46:35Z,810.0,USD,0400026374839,1,117.0
id,30,TR-ID-900662,Offline,2026-01-19T03:46:35Z,810.0,USD,0400026446594,1,398.0
id,25,TR-ID-900663,Offline,2026-04-15T23:13:28Z,1050.0,USD,0400026504657,1,1050.0
id,16,TR-ID-900664,Offline,2025-09-29T14:25:08Z,458.0,USD,0400022504673,1,148.0
id,16,TR-ID-900664,Offline,2025-09-29T14:25:08Z,458.0,USD,0400016219966,1,195.0
id,16,TR-ID-900664,Offline,2025-09-29T14:25:08Z,458.0,USD,0400026492320,1,115.0
id,30,TR-ID-900665,Offline,2025-08-07T07:18:17Z,518.39,USD,16788862,1,141.59
id,30,TR-ID-900665,Offline,2025-08-07T07:18:17Z,518.39,USD,23287962,1,240.0
id,30,TR-ID-900665,Offline,2025-08-07T07:18:17Z,518.39,USD,0400020088856,1,136.8
id,25,TR-ID-900666,Offline,2026-07-13T05:45:59Z,258.0,USD,0400026413436,1,258.0
id,9,TR-ID-900667,Offline,2025-08-13T00:42:01Z,947.0,USD,0400011883159,1,302.0
id,9,TR-ID-900667,Offline,2025-08-13T00:42:01Z,947.0,USD,0400026542574,1,295.0
id,9,TR-ID-900667,Offline,2025-08-13T00:42:01Z,947.0,USD,25952529,1,350.0
id,13,TR-ID-900668,Offline,2025-12-20T08:13:18Z,1043.0,USD,0400022215051,1,798.0
id,13,TR-ID-900668,Offline,2025-12-20T08:13:18Z,1043.0,USD,22737130,1,245.0
id,21,TR-ID-900669,Offline,2026-05-29T13:33:40Z,2025.0,USD,0400026063232,1,825.0
id,21,TR-ID-900669,Offline,2026-05-29T13:33:40Z,2025.0,USD,0400024792922,1,1200.0
id,27,TR-ID-900670,Offline,2025-12-07T12:53:07Z,1021.0,USD,0400022953281,1,695.0
id,27,TR-ID-900670,Offline,2025-12-07T12:53:07Z,1021.0,USD,0400022673685,1,268.0
id,27,TR-ID-900670,Offline,2025-12-07T12:53:07Z,1021.0,USD,0433679868891,1,58.0
id,3,TR-ID-900671,Offline,2026-06-01T17:30:27Z,3810.0,USD,24896915,1,60.0
id,3,TR-ID-900671,Offline,2026-06-01T17:30:27Z,3810.0,USD,21436508,1,800.0
id,3,TR-ID-900671,Offline,2026-06-01T17:30:27Z,3810.0,USD,21474039,1,2950.0
id,30,TR-ID-900672,Offline,2026-01-26T07:30:54Z,115.0,USD,19881284,1,115.0
id,16,TR-ID-900673,Offline,2025-10-01T09:02:51Z,1635.0,USD,20677448,1,210.0
id,16,TR-ID-900673,Offline,2025-10-01T09:02:51Z,1635.0,USD,0400026343456,1,850.0
id,16,TR-ID-900673,Offline,2025-10-01T09:02:51Z,1635.0,USD,0400023073879,1,575.0
id,19,TR-ID-900674,Offline,2025-10-05T03:01:15Z,683.0,USD,21717582,1,240.0
id,19,TR-ID-900674,Offline,2025-10-05T03:01:15Z,683.0,USD,0400019253814,1,265.0
id,19,TR-ID-900674,Offline,2025-10-05T03:01:15Z,683.0,USD,0426423504077,1,178.0
id,21,TR-ID-900675,Offline,2026-01-07T18:34:10Z,1663.0,USD,19901902,1,298.0
id,21,TR-ID-900675,Offline,2026-01-07T18:34:10Z,1663.0,USD,26069949,1,620.0
id,21,TR-ID-900675,Offline,2026-01-07T18:34:10Z,1663.0,USD,0400026536418,1,745.0
id,27,TR-ID-900676,Offline,2026-05-02T18:41:23Z,1315.0,USD,0400023011613,1,250.0
id,27,TR-ID-900676,Offline,2026-05-02T18:41:23Z,1315.0,USD,26374775,1,145.0
id,27,TR-ID-900676,Offline,2026-05-02T18:41:23Z,1315.0,USD,26047518,1,920.0
id,10,TR-ID-900677,Offline,2025-09-20T00:22:26Z,32700.0,USD,13808313,1,32700.0
id,29,TR-ID-900678,Offline,2026-02-22T21:15:43Z,6908.0,USD,26002261,1,128.0
id,29,TR-ID-900678,Offline,2026-02-22T21:15:43Z,6908.0,USD,18948387,1,6190.0
id,29,TR-ID-900678,Offline,2026-02-22T21:15:43Z,6908.0,USD,0400026296991,1,590.0
id,3,TR-ID-900679,Offline,2026-03-30T23:06:49Z,480.0,USD,24243913,1,480.0
id,5,TR-ID-900680,Offline,2025-09-09T16:23:10Z,1378.0,USD,0400001348060,1,155.0
id,5,TR-ID-900680,Offline,2025-09-09T16:23:10Z,1378.0,USD,0400026636831,1,625.0
id,5,TR-ID-900680,Offline,2025-09-09T16:23:10Z,1378.0,USD,0400022478613,1,598.0
id,17,TR-ID-900681,Offline,2026-05-16T21:18:39Z,2748.0,USD,0400024701342,1,2700.0
id,17,TR-ID-900681,Offline,2026-05-16T21:18:39Z,2748.0,USD,0400020493249,1,48.0
id,3,TR-ID-900682,Offline,2026-04-22T20:00:15Z,3770.0,USD,21426423,1,2500.0
id,3,TR-ID-900682,Offline,2026-04-22T20:00:15Z,3770.0,USD,22694148,1,1270.0
id,15,TR-ID-900683,Offline,2026-05-12T14:58:57Z,350.0,USD,12481493,1,350.0
id,17,TR-ID-900684,Offline,2026-03-15T07:23:17Z,56.0,USD,24202592,1,56.0
id,25,TR-ID-900685,Offline,2025-07-19T04:22:33Z,545.0,USD,22794821,1,545.0
id,27,TR-ID-900686,Offline,2025-11-02T18:26:18Z,3345.0,USD,26097363,1,1845.0
id,27,TR-ID-900686,Offline,2025-11-02T18:26:18Z,3345.0,USD,0400022908441,1,1500.0
id,27,TR-ID-900687,Offline,2025-11-24T23:10:52Z,1840.0,USD,0400026254714,1,1095.0
id,27,TR-ID-900687,Offline,2025-11-24T23:10:52Z,1840.0,USD,0400026621659,1,495.0
id,27,TR-ID-900687,Offline,2025-11-24T23:10:52Z,1840.0,USD,0400026321310,1,250.0
id,14,TR-ID-900688,Offline,2026-04-06T05:31:24Z,440.0,USD,26113174,1,110.0
id,14,TR-ID-900688,Offline,2026-04-06T05:31:24Z,440.0,USD,0400022910695,1,330.0
id,12,TR-ID-900689,Offline,2025-10-18T06:01:06Z,810.0,USD,26838415,1,650.0
id,12,TR-ID-900689,Offline,2025-10-18T06:01:06Z,810.0,USD,0400026314401,1,160.0
id,2,TR-ID-900690,Offline,2025-08-03T10:23:59Z,7933.0,USD,26629892,1,6540.0
id,2,TR-ID-900690,Offline,2025-08-03T10:23:59Z,7933.0,USD,0400026404583,1,1393.0
id,9,TR-ID-900691,Offline,2026-07-02T03:40:50Z,1365.0,USD,16723509,1,225.0
id,9,TR-ID-900691,Offline,2026-07-02T03:40:50Z,1365.0,USD,0400026202494,1,660.0
id,9,TR-ID-900691,Offline,2026-07-02T03:40:50Z,1365.0,USD,20239637,1,480.0
id,23,TR-ID-900692,Offline,2026-04-06T17:41:46Z,304.0,USD,18811043,1,54.0
id,23,TR-ID-900692,Offline,2026-04-06T17:41:46Z,304.0,USD,0400026656956,1,250.0
id,24,TR-ID-900693,Offline,2025-10-22T19:12:33Z,263.0,USD,0400012674620,1,263.0
id,8,TR-ID-900694,Offline,2026-06-05T00:47:38Z,1054.0,USD,95901532,1,39.0
id,8,TR-ID-900694,Offline,2026-06-05T00:47:38Z,1054.0,USD,0400001653308,1,695.0
id,8,TR-ID-900694,Offline,2026-06-05T00:47:38Z,1054.0,USD,25364230,1,320.0
id,3,TR-ID-900695,Offline,2026-04-05T21:28:00Z,925.0,USD,0400026115603,1,925.0
id,3,TR-ID-900696,Offline,2026-05-18T15:44:37Z,722.5,USD,0400017864590,1,247.5
id,3,TR-ID-900696,Offline,2026-05-18T15:44:37Z,722.5,USD,0400026414799,1,475.0
id,12,TR-ID-900697,Offline,2026-05-14T06:52:53Z,725.0,USD,0400025636482,1,725.0
id,25,TR-ID-900698,Offline,2026-01-07T14:39:51Z,714.0,USD,11640119,1,590.0
id,25,TR-ID-900698,Offline,2026-01-07T14:39:51Z,714.0,USD,0400024207232,1,124.0
id,11,TR-ID-900699,Offline,2026-04-06T22:09:21Z,404.79,USD,0400020669847,1,118.0
id,11,TR-ID-900699,Offline,2026-04-06T22:09:21Z,404.79,USD,22419645,1,286.79
id,24,TR-ID-900700,Offline,2026-02-18T09:04:59Z,5755.0,USD,23860410,1,55.0
id,24,TR-ID-900700,Offline,2026-02-18T09:04:59Z,5755.0,USD,0400025663041,1,5700.0
id,14,TR-ID-900701,Offline,2025-12-11T23:46:07Z,885.0,USD,23071011,1,60.0
id,14,TR-ID-900701,Offline,2025-12-11T23:46:07Z,885.0,USD,0400026062969,1,825.0
id,5,TR-ID-900702,Offline,2026-04-18T05:50:59Z,4486.0,USD,0400019992735,1,390.0
id,5,TR-ID-900702,Offline,2026-04-18T05:50:59Z,4486.0,USD,17942471,1,3900.0
id,5,TR-ID-900702,Offline,2026-04-18T05:50:59Z,4486.0,USD,0400022945948,1,196.0
id,25,TR-ID-900703,Offline,2025-09-24T07:31:36Z,243.6,USD,0400025195896,1,243.6
id,5,TR-ID-900704,Offline,2025-08-17T14:21:38Z,1949.25,USD,21567883,1,990.0
id,5,TR-ID-900704,Offline,2025-08-17T14:21:38Z,1949.25,USD,0400025938719,1,138.0
id,5,TR-ID-900704,Offline,2025-08-17T14:21:38Z,1949.25,USD,0400024353320,1,821.25
id,20,TR-ID-900705,Offline,2025-08-02T12:12:37Z,2140.0,USD,20866619,1,490.0
id,20,TR-ID-900705,Offline,2025-08-02T12:12:37Z,2140.0,USD,22903501,1,1650.0
id,23,TR-ID-900706,Offline,2026-06-28T20:29:44Z,2720.0,USD,0400022831673,1,570.0
id,23,TR-ID-900706,Offline,2026-06-28T20:29:44Z,2720.0,USD,24662748,1,1560.0
id,23,TR-ID-900706,Offline,2026-06-28T20:29:44Z,2720.0,USD,0400026037229,1,590.0
id,7,TR-ID-900707,Offline,2025-11-04T07:27:27Z,375.0,USD,22728088,1,375.0
id,24,TR-ID-900708,Offline,2026-07-01T22:08:38Z,39.0,USD,95901609,1,39.0
id,5,TR-ID-900709,Offline,2025-09-05T17:17:25Z,185.0,USD,25917106,1,185.0
id,23,TR-ID-900710,Offline,2026-03-01T14:32:08Z,225.0,USD,0400024242143,1,225.0
id,11,TR-ID-900711,Offline,2026-06-20T04:32:32Z,330.0,USD,0400022822106,1,130.0
id,11,TR-ID-900711,Offline,2026-06-20T04:32:32Z,330.0,USD,15289530,1,100.0
id,11,TR-ID-900711,Offline,2026-06-20T04:32:32Z,330.0,USD,22173363,1,100.0
id,10,TR-ID-900712,Offline,2025-11-01T20:37:17Z,1573.0,USD,0400026441039,1,790.0
id,10,TR-ID-900712,Offline,2025-11-01T20:37:17Z,1573.0,USD,26441395,1,555.0
id,10,TR-ID-900712,Offline,2025-11-01T20:37:17Z,1573.0,USD,0400026008926,1,228.0
id,20,TR-ID-900713,Offline,2025-08-25T23:49:09Z,3349.0,USD,0400023080712,1,564.0
id,20,TR-ID-900713,Offline,2025-08-25T23:49:09Z,3349.0,USD,0400022949416,1,2495.0
id,20,TR-ID-900713,Offline,2025-08-25T23:49:09Z,3349.0,USD,0400099216356,1,290.0
id,22,TR-ID-900714,Offline,2025-08-14T14:50:03Z,1594.5,USD,0400023063784,1,1046.5
id,22,TR-ID-900714,Offline,2025-08-14T14:50:03Z,1594.5,USD,0400026477938,1,548.0
id,2,TR-ID-900715,Offline,2026-03-14T02:04:18Z,3645.0,USD,0400024230415,1,1895.0
id,2,TR-ID-900715,Offline,2026-03-14T02:04:18Z,3645.0,USD,0400026012626,1,1750.0
id,13,TR-ID-900716,Offline,2026-02-21T23:16:57Z,1790.0,USD,26528685,1,1790.0
id,26,TR-ID-900717,Offline,2025-10-10T07:53:51Z,1400.0,USD,25709531,1,1400.0
id,23,TR-ID-900718,Offline,2026-03-29T14:10:01Z,1577.0,USD,0400019432377,1,367.0
id,23,TR-ID-900718,Offline,2026-03-29T14:10:01Z,1577.0,USD,0400026061632,1,730.0
id,23,TR-ID-900718,Offline,2026-03-29T14:10:01Z,1577.0,USD,0400026185878,1,480.0
id,13,TR-ID-900719,Offline,2025-07-21T03:04:02Z,4600.0,USD,0400026354111,1,395.0
id,13,TR-ID-900719,Offline,2025-07-21T03:04:02Z,4600.0,USD,0400025973761,1,3180.0
id,13,TR-ID-900719,Offline,2025-07-21T03:04:02Z,4600.0,USD,0400021834369,1,1025.0
id,28,TR-ID-900720,Offline,2026-03-18T00:32:12Z,1180.0,USD,0400022256734,1,595.0
id,28,TR-ID-900720,Offline,2026-03-18T00:32:12Z,1180.0,USD,0400017631155,1,585.0
id,1,TR-ID-900721,Offline,2026-05-27T08:18:27Z,467.49,USD,21602881,1,250.0
id,1,TR-ID-900721,Offline,2026-05-27T08:18:27Z,467.49,USD,22382836,1,217.49
id,8,TR-ID-900722,Offline,2026-05-11T17:11:59Z,2968.0,USD,23023929,1,50.0
id,8,TR-ID-900722,Offline,2026-05-11T17:11:59Z,2968.0,USD,21024323,1,718.0
id,8,TR-ID-900722,Offline,2026-05-11T17:11:59Z,2968.0,USD,0400025983007,1,2200.0
id,20,TR-ID-900723,Offline,2025-11-18T20:35:55Z,1958.0,USD,21106580,1,345.0
id,20,TR-ID-900723,Offline,2025-11-18T20:35:55Z,1958.0,USD,19432505,1,115.0
id,20,TR-ID-900723,Offline,2025-11-18T20:35:55Z,1958.0,USD,0400024531668,1,1498.0
id,4,TR-ID-900724,Offline,2025-09-08T16:34:43Z,990.0,USD,0400026996378,1,990.0
id,16,TR-ID-900725,Offline,2026-02-23T15:38:50Z,3870.0,USD,26601711,1,3450.0
id,16,TR-ID-900725,Offline,2026-02-23T15:38:50Z,3870.0,USD,22466556,1,420.0
id,20,TR-ID-900726,Offline,2026-01-22T20:08:00Z,996.0,USD,0400026189025,1,298.0
id,20,TR-ID-900726,Offline,2026-01-22T20:08:00Z,996.0,USD,0400026238068,1,698.0
id,16,TR-ID-900727,Offline,2026-01-06T16:50:35Z,1296.0,USD,22417266,1,246.0
id,16,TR-ID-900727,Offline,2026-01-06T16:50:35Z,1296.0,USD,0400026587614,1,1050.0
id,15,TR-ID-900728,Offline,2025-12-27T11:09:53Z,152.0,USD,24407315,1,152.0
id,12,TR-ID-900729,Offline,2025-11-01T00:03:00Z,1085.0,USD,0400026095563,1,552.0
id,12,TR-ID-900729,Offline,2025-11-01T00:03:00Z,1085.0,USD,0400026071632,1,465.0
id,12,TR-ID-900729,Offline,2025-11-01T00:03:00Z,1085.0,USD,18525454,1,68.0
id,19,TR-ID-900730,Offline,2026-05-07T08:19:08Z,487.5,USD,0400024852639,1,190.0
id,19,TR-ID-900730,Offline,2026-05-07T08:19:08Z,487.5,USD,0400022535025,1,297.5
id,28,TR-ID-900731,Offline,2025-09-20T15:51:00Z,950.0,USD,0400026464802,1,425.0
id,28,TR-ID-900731,Offline,2025-09-20T15:51:00Z,950.0,USD,0400025915425,1,525.0
id,4,TR-ID-900732,Offline,2025-09-08T16:48:26Z,95.0,USD,14419218,1,95.0
id,17,TR-ID-900733,Offline,2026-02-06T23:39:14Z,3473.0,USD,0400022904876,1,1995.0
id,17,TR-ID-900733,Offline,2026-02-06T23:39:14Z,3473.0,USD,25996921,1,1370.0
id,17,TR-ID-900733,Offline,2026-02-06T23:39:14Z,3473.0,USD,22699609,1,108.0
id,9,TR-ID-900734,Offline,2026-04-30T03:38:10Z,440.0,USD,0400012674610,1,440.0
id,27,TR-ID-900735,Offline,2026-07-11T03:10:57Z,71.25,USD,0400021191861,1,71.25
id,28,TR-ID-900736,Offline,2026-07-08T21:05:49Z,875.0,USD,26382553,1,875.0
id,25,TR-ID-900737,Offline,2025-11-28T19:12:59Z,1275.0,USD,0400026421316,1,425.0
id,25,TR-ID-900737,Offline,2025-11-28T19:12:59Z,1275.0,USD,0400026640770,1,850.0
id,19,TR-ID-900738,Offline,2026-03-12T06:17:22Z,110.0,USD,25087269,1,110.0
id,28,TR-ID-900739,Offline,2025-08-28T19:35:05Z,1913.0,USD,22463076,1,975.0
id,28,TR-ID-900739,Offline,2025-08-28T19:35:05Z,1913.0,USD,26332500,1,610.0
id,28,TR-ID-900739,Offline,2025-08-28T19:35:05Z,1913.0,USD,26415334,1,328.0
id,3,TR-ID-900740,Offline,2025-10-23T14:23:14Z,333.55,USD,0400026310716,1,278.6
id,3,TR-ID-900740,Offline,2025-10-23T14:23:14Z,333.55,USD,15153708,1,54.95
id,5,TR-ID-900741,Offline,2026-02-06T15:14:50Z,1266.79,USD,0400026173073,1,1100.0
id,5,TR-ID-900741,Offline,2026-02-06T15:14:50Z,1266.79,USD,0400022415072,1,166.79
id,1,TR-ID-900742,Offline,2026-03-02T15:43:13Z,11723.5,USD,26039254,1,11500.0
id,1,TR-ID-900742,Offline,2026-03-02T15:43:13Z,11723.5,USD,0400026360537,1,223.5
id,17,TR-ID-900743,Offline,2025-09-13T04:52:27Z,417.0,USD,0400026707319,1,417.0
id,3,TR-ID-900744,Offline,2026-06-24T20:19:58Z,3398.0,USD,26418471,1,3250.0
id,3,TR-ID-900744,Offline,2026-06-24T20:19:58Z,3398.0,USD,15130555,1,148.0
id,11,TR-ID-900745,Offline,2025-11-27T07:37:19Z,940.0,USD,21401701,1,195.0
id,11,TR-ID-900745,Offline,2025-11-27T07:37:19Z,940.0,USD,19563533,1,745.0
id,26,TR-ID-900746,Offline,2026-01-04T00:08:05Z,549.0,USD,18811043,1,54.0
id,26,TR-ID-900746,Offline,2026-01-04T00:08:05Z,549.0,USD,25940689,1,190.0
id,26,TR-ID-900746,Offline,2026-01-04T00:08:05Z,549.0,USD,16409495,1,305.0
id,19,TR-ID-900747,Offline,2026-04-30T17:13:02Z,35.0,USD,18500873,1,35.0
id,7,TR-ID-900748,Offline,2026-01-24T05:43:45Z,2847.5,USD,22011370,1,1497.5
id,7,TR-ID-900748,Offline,2026-01-24T05:43:45Z,2847.5,USD,0400017454128,1,1350.0
id,29,TR-ID-900749,Offline,2025-12-20T15:09:05Z,569.0,USD,0400022954216,1,350.0
id,29,TR-ID-900749,Offline,2025-12-20T15:09:05Z,569.0,USD,17918991,1,219.0
id,23,TR-ID-900750,Offline,2025-11-09T21:52:04Z,905.0,USD,0454973355580,1,340.0
id,23,TR-ID-900750,Offline,2025-11-09T21:52:04Z,905.0,USD,24803662,1,350.0
id,23,TR-ID-900750,Offline,2025-11-09T21:52:04Z,905.0,USD,0400024510728,1,215.0
id,11,TR-ID-900751,Offline,2026-04-16T19:57:55Z,850.0,USD,0400022808435,1,850.0
id,26,TR-ID-900752,Offline,2025-11-26T22:23:07Z,120.0,USD,23237318,1,120.0
id,17,TR-ID-900753,Offline,2026-02-18T08:29:29Z,2005.0,USD,0400025568474,1,960.0
id,17,TR-ID-900753,Offline,2026-02-18T08:29:29Z,2005.0,USD,0400026178528,1,450.0
id,17,TR-ID-900753,Offline,2026-02-18T08:29:29Z,2005.0,USD,0400018971647,1,595.0
id,15,TR-ID-900754,Offline,2026-01-19T13:29:39Z,2310.0,USD,16420177,1,190.0
id,15,TR-ID-900754,Offline,2026-01-19T13:29:39Z,2310.0,USD,0400026289891,1,1750.0
id,15,TR-ID-900754,Offline,2026-01-19T13:29:39Z,2310.0,USD,20794257,1,370.0
id,30,TR-ID-900755,Offline,2026-07-02T18:38:21Z,4262.0,USD,0400025642507,1,3510.0
id,30,TR-ID-900755,Offline,2026-07-02T18:38:21Z,4262.0,USD,13775600,1,550.0
id,30,TR-ID-900755,Offline,2026-07-02T18:38:21Z,4262.0,USD,18439689,1,202.0
id,11,TR-ID-900756,Offline,2026-01-21T12:46:12Z,140.0,USD,43262897,1,140.0
id,13,TR-ID-900757,Offline,2025-07-26T03:35:53Z,326.49,USD,0400026314491,1,225.0
id,13,TR-ID-900757,Offline,2025-07-26T03:35:53Z,326.49,USD,0400022424635,1,101.49
id,29,TR-ID-900758,Offline,2026-07-03T19:50:27Z,993.0,USD,0400022933181,1,795.0
id,29,TR-ID-900758,Offline,2026-07-03T19:50:27Z,993.0,USD,0400025200723,1,198.0
id,13,TR-ID-900759,Offline,2026-04-14T22:35:54Z,1041.0,USD,21205601,1,225.0
id,13,TR-ID-900759,Offline,2026-04-14T22:35:54Z,1041.0,USD,0400024203784,1,816.0
id,9,TR-ID-900760,Offline,2026-05-17T12:03:32Z,395.0,USD,0400026184397,1,395.0
id,1,TR-ID-900761,Offline,2025-12-08T06:45:07Z,1245.0,USD,0400022953565,1,1100.0
id,1,TR-ID-900761,Offline,2025-12-08T06:45:07Z,1245.0,USD,26480445,1,145.0
id,28,TR-ID-900762,Offline,2026-01-07T04:56:28Z,2015.0,USD,0400026717951,1,825.0
id,28,TR-ID-900762,Offline,2026-01-07T04:56:28Z,2015.0,USD,0400013758738,1,1190.0
id,28,TR-ID-900763,Offline,2025-07-24T10:58:48Z,1193.0,USD,26383208,1,225.0
id,28,TR-ID-900763,Offline,2025-07-24T10:58:48Z,1193.0,USD,0400022230527,1,830.0
id,28,TR-ID-900763,Offline,2025-07-24T10:58:48Z,1193.0,USD,0400026248601,1,138.0
id,24,TR-ID-900764,Offline,2026-01-26T02:35:17Z,395.0,USD,0400022898978,1,395.0
id,7,TR-ID-900765,Offline,2025-09-01T11:06:28Z,380.0,USD,25206717,1,380.0
id,19,TR-ID-900766,Offline,2026-01-19T09:29:14Z,395.0,USD,25052875,1,395.0
id,8,TR-ID-900767,Offline,2026-03-03T09:40:04Z,4316.0,USD,12568434,1,140.0
id,8,TR-ID-900767,Offline,2026-03-03T09:40:04Z,4316.0,USD,0400022808393,1,581.0
id,8,TR-ID-900767,Offline,2026-03-03T09:40:04Z,4316.0,USD,0400013639894,1,3595.0
id,3,TR-ID-900768,Offline,2025-11-07T06:36:47Z,8073.0,USD,26629859,1,7520.0
id,3,TR-ID-900768,Offline,2025-11-07T06:36:47Z,8073.0,USD,0400022035290,1,553.0
id,6,TR-ID-900769,Offline,2026-05-05T20:54:54Z,728.0,USD,0400025950602,1,728.0
id,26,TR-ID-900770,Offline,2026-05-05T12:32:37Z,215.0,USD,24660162,1,215.0
id,30,TR-ID-900771,Offline,2026-02-25T05:20:49Z,4670.0,USD,0400025958776,1,4670.0
id,5,TR-ID-900772,Offline,2026-05-11T16:39:46Z,1125.5,USD,19432687,1,74.0
id,5,TR-ID-900772,Offline,2026-05-11T16:39:46Z,1125.5,USD,0400020985408,1,950.0
id,5,TR-ID-900772,Offline,2026-05-11T16:39:46Z,1125.5,USD,22758423,1,101.5
id,23,TR-ID-900773,Offline,2026-04-24T11:22:13Z,869.75,USD,20495948,1,180.0
id,23,TR-ID-900773,Offline,2026-04-24T11:22:13Z,869.75,USD,94937721,1,440.0
id,23,TR-ID-900773,Offline,2026-04-24T11:22:13Z,869.75,USD,0400019442250,1,249.75
id,29,TR-ID-900774,Offline,2026-06-23T11:43:07Z,5160.0,USD,15719837,1,1345.0
id,29,TR-ID-900774,Offline,2026-06-23T11:43:07Z,5160.0,USD,22893961,1,3200.0
id,29,TR-ID-900774,Offline,2026-06-23T11:43:07Z,5160.0,USD,0400019682496,1,615.0
id,19,TR-ID-900775,Offline,2025-07-20T01:04:04Z,3085.0,USD,24658228,1,90.0
id,19,TR-ID-900775,Offline,2025-07-20T01:04:04Z,3085.0,USD,0400026067668,1,1100.0
id,19,TR-ID-900775,Offline,2025-07-20T01:04:04Z,3085.0,USD,0400026113935,1,1895.0
id,15,TR-ID-900776,Offline,2026-05-14T08:27:57Z,833.0,USD,0400001589407,1,520.0
id,15,TR-ID-900776,Offline,2026-05-14T08:27:57Z,833.0,USD,0446920233751,1,68.0
id,15,TR-ID-900776,Offline,2026-05-14T08:27:57Z,833.0,USD,0400026463960,1,245.0
id,16,TR-ID-900777,Offline,2025-09-24T11:54:31Z,425.0,USD,25979597,1,175.0
id,16,TR-ID-900777,Offline,2025-09-24T11:54:31Z,425.0,USD,88052364,1,250.0
id,25,TR-ID-900778,Offline,2025-10-22T15:25:14Z,580.0,USD,26837547,1,580.0
id,22,TR-ID-900779,Offline,2026-04-12T14:57:38Z,1160.0,USD,26068131,1,500.0
id,22,TR-ID-900779,Offline,2026-04-12T14:57:38Z,1160.0,USD,0400022788448,1,660.0
id,3,TR-ID-900780,Offline,2026-01-24T08:38:28Z,1823.0,USD,18841082,1,423.0
id,3,TR-ID-900780,Offline,2026-01-24T08:38:28Z,1823.0,USD,0400026487237,1,1400.0
id,11,TR-ID-900781,Offline,2025-12-05T16:58:24Z,890.0,USD,26683045,1,890.0
id,25,TR-ID-900782,Offline,2025-09-19T03:16:29Z,252.39,USD,0400022929069,1,137.39
id,25,TR-ID-900782,Offline,2025-09-19T03:16:29Z,252.39,USD,0400026490059,1,115.0
id,26,TR-ID-900783,Offline,2026-04-22T04:12:04Z,293.0,USD,88832532,1,195.0
id,26,TR-ID-900783,Offline,2026-04-22T04:12:04Z,293.0,USD,0449023723174,1,98.0
id,10,TR-ID-900784,Offline,2025-10-24T10:12:25Z,1421.99,USD,0400022261746,1,925.0
id,10,TR-ID-900784,Offline,2025-10-24T10:12:25Z,1421.99,USD,0400023086392,1,365.0
id,10,TR-ID-900784,Offline,2025-10-24T10:12:25Z,1421.99,USD,0400025547341,1,131.99
id,12,TR-ID-900785,Offline,2025-08-20T03:58:29Z,99.0,USD,0400026591848,1,99.0
id,3,TR-ID-900786,Offline,2026-06-16T00:35:47Z,570.0,USD,0400022954209,1,320.0
id,3,TR-ID-900786,Offline,2026-06-16T00:35:47Z,570.0,USD,0400026434084,1,250.0
id,10,TR-ID-900787,Offline,2026-06-03T22:36:03Z,297.0,USD,0400026238360,1,297.0
id,17,TR-ID-900788,Offline,2026-02-21T15:41:42Z,4120.0,USD,0400022863711,1,3590.0
id,17,TR-ID-900788,Offline,2026-02-21T15:41:42Z,4120.0,USD,14369186,1,445.0
id,17,TR-ID-900788,Offline,2026-02-21T15:41:42Z,4120.0,USD,13270236,1,85.0
id,29,TR-ID-900789,Offline,2026-03-23T05:21:39Z,990.0,USD,0400025512311,1,990.0
id,23,TR-ID-900790,Offline,2025-09-26T11:46:52Z,640.0,USD,24410186,1,200.0
id,23,TR-ID-900790,Offline,2025-09-26T11:46:52Z,640.0,USD,0400001412772,1,85.0
id,23,TR-ID-900790,Offline,2025-09-26T11:46:52Z,640.0,USD,0400026598355,1,355.0
id,3,TR-ID-900791,Offline,2026-04-09T15:24:17Z,2295.0,USD,25050434,1,805.0
id,3,TR-ID-900791,Offline,2026-04-09T15:24:17Z,2295.0,USD,0400025937081,1,1490.0
id,11,TR-ID-900792,Offline,2026-03-16T01:48:42Z,430.0,USD,0400013439966,1,430.0
id,19,TR-ID-900793,Offline,2026-03-17T06:51:14Z,616.0,USD,19281293,1,126.0
id,19,TR-ID-900793,Offline,2026-03-17T06:51:14Z,616.0,USD,25952525,1,490.0
id,1,TR-ID-900794,Offline,2026-01-13T22:37:27Z,680.0,USD,26644429,1,625.0
id,1,TR-ID-900794,Offline,2026-01-13T22:37:27Z,680.0,USD,0400016295740,1,55.0
id,3,TR-ID-900795,Offline,2026-03-24T07:56:21Z,1105.0,USD,22210606,1,465.0
id,3,TR-ID-900795,Offline,2026-03-24T07:56:21Z,1105.0,USD,22569504,1,180.0
id,3,TR-ID-900795,Offline,2026-03-24T07:56:21Z,1105.0,USD,24240076,1,460.0
id,8,TR-ID-900796,Offline,2025-12-14T23:02:28Z,871.3,USD,18504171,1,761.3
id,8,TR-ID-900796,Offline,2025-12-14T23:02:28Z,871.3,USD,26330997,1,110.0
id,4,TR-ID-900797,Offline,2026-04-22T01:04:49Z,1553.0,USD,0400021096260,1,650.0
id,4,TR-ID-900797,Offline,2026-04-22T01:04:49Z,1553.0,USD,0400025608013,1,903.0
id,1,TR-ID-900798,Offline,2026-05-02T08:45:07Z,339.0,USD,21119957,1,339.0
id,29,TR-ID-900799,Offline,2025-11-03T22:54:49Z,1425.0,USD,0400026389022,1,375.0
id,29,TR-ID-900799,Offline,2025-11-03T22:54:49Z,1425.0,USD,0400020032360,1,1050.0
id,11,TR-ID-900800,Offline,2025-10-23T11:58:10Z,180.0,USD,16792775,1,180.0
id,23,TR-ID-900801,Offline,2026-04-06T11:38:06Z,220.0,USD,26677420,1,220.0
id,19,TR-ID-900802,Offline,2026-06-16T10:17:29Z,300.0,USD,16013600,1,202.0
id,19,TR-ID-900802,Offline,2026-06-16T10:17:29Z,300.0,USD,24526057,1,98.0
id,8,TR-ID-900803,Offline,2026-03-03T16:48:41Z,50.0,USD,21526767,1,50.0
id,5,TR-ID-900804,Offline,2025-12-29T17:46:19Z,69.5,USD,0400099464717,1,69.5
id,10,TR-ID-900805,Offline,2025-11-18T07:41:24Z,495.0,USD,0400022948983,1,495.0
id,28,TR-ID-900806,Offline,2026-06-21T17:22:57Z,216.0,USD,20155092,1,216.0
id,15,TR-ID-900807,Offline,2026-06-03T03:50:02Z,535.0,USD,0400011347207,1,535.0
id,8,TR-ID-900808,Offline,2026-01-14T01:33:36Z,210.0,USD,0400001589375,1,210.0
id,3,TR-ID-900809,Offline,2025-10-19T02:47:41Z,10890.0,USD,0400019432579,1,275.0
id,3,TR-ID-900809,Offline,2025-10-19T02:47:41Z,10890.0,USD,0400020961047,1,9995.0
id,3,TR-ID-900809,Offline,2025-10-19T02:47:41Z,10890.0,USD,0400026229373,1,620.0
id,8,TR-ID-900810,Offline,2026-05-15T12:06:33Z,57.0,USD,25616725,1,57.0
id,19,TR-ID-900811,Offline,2025-09-19T20:37:51Z,2832.0,USD,14737681,1,1300.0
id,19,TR-ID-900811,Offline,2025-09-19T20:37:51Z,2832.0,USD,98952899,1,34.0
id,19,TR-ID-900811,Offline,2025-09-19T20:37:51Z,2832.0,USD,0400021972711,1,1498.0
id,8,TR-ID-900812,Offline,2026-01-23T03:35:51Z,468.5,USD,24660389,1,370.0
id,8,TR-ID-900812,Offline,2026-01-23T03:35:51Z,468.5,USD,20732383,1,98.5
id,16,TR-ID-900813,Offline,2025-12-18T03:42:03Z,2090.0,USD,22768424,1,90.0
id,16,TR-ID-900813,Offline,2025-12-18T03:42:03Z,2090.0,USD,0400026438483,1,2000.0
id,9,TR-ID-900814,Offline,2026-04-24T09:36:58Z,659.39,USD,20439504,1,56.39
id,9,TR-ID-900814,Offline,2026-04-24T09:36:58Z,659.39,USD,0400026601046,1,378.0
id,9,TR-ID-900814,Offline,2026-04-24T09:36:58Z,659.39,USD,0400024242143,1,225.0
id,15,TR-ID-900815,Offline,2025-12-05T16:27:52Z,23.0,USD,20307379,1,23.0
id,8,TR-ID-900816,Offline,2025-08-25T05:16:29Z,5696.0,USD,17918969,1,96.0
id,8,TR-ID-900816,Offline,2025-08-25T05:16:29Z,5696.0,USD,0400024699079,1,5600.0
id,21,TR-ID-900817,Offline,2025-10-02T12:47:44Z,1066.6,USD,19777338,1,217.0
id,21,TR-ID-900817,Offline,2025-10-02T12:47:44Z,1066.6,USD,0400022022470,1,690.0
id,21,TR-ID-900817,Offline,2025-10-02T12:47:44Z,1066.6,USD,20556330,1,159.6
id,8,TR-ID-900818,Offline,2025-12-06T10:14:58Z,942.0,USD,20530223,1,52.0
id,8,TR-ID-900818,Offline,2025-12-06T10:14:58Z,942.0,USD,0400024352482,1,890.0
id,5,TR-ID-900819,Offline,2025-11-18T04:03:39Z,2715.0,USD,0400001104686,1,990.0
id,5,TR-ID-900819,Offline,2025-11-18T04:03:39Z,2715.0,USD,0400026296758,1,1725.0
id,2,TR-ID-900820,Offline,2026-01-22T15:56:36Z,110.0,USD,0400026363246,1,110.0
id,28,TR-ID-900821,Offline,2025-09-09T00:28:59Z,1605.0,USD,0400021614818,1,1200.0
id,28,TR-ID-900821,Offline,2025-09-09T00:28:59Z,1605.0,USD,91991854,1,405.0
id,20,TR-ID-900822,Offline,2025-12-07T12:35:42Z,548.5,USD,0400026363113,1,98.5
id,20,TR-ID-900822,Offline,2025-12-07T12:35:42Z,548.5,USD,0400024353030,1,450.0
id,5,TR-ID-900823,Offline,2025-10-23T04:00:29Z,65.0,USD,25727142,1,65.0
id,15,TR-ID-900824,Offline,2026-04-21T16:02:32Z,1136.0,USD,18345113,1,71.0
id,15,TR-ID-900824,Offline,2026-04-21T16:02:32Z,1136.0,USD,12360198,1,275.0
id,15,TR-ID-900824,Offline,2026-04-21T16:02:32Z,1136.0,USD,0400022839011,1,790.0
id,26,TR-ID-900825,Offline,2026-05-28T20:47:11Z,2355.0,USD,25968247,1,215.0
id,26,TR-ID-900825,Offline,2026-05-28T20:47:11Z,2355.0,USD,0400016468533,1,1690.0
id,26,TR-ID-900825,Offline,2026-05-28T20:47:11Z,2355.0,USD,0400013581431,1,450.0
id,2,TR-ID-900826,Offline,2026-05-29T03:21:42Z,1623.0,USD,0400025703153,1,998.0
id,2,TR-ID-900826,Offline,2026-05-29T03:21:42Z,1623.0,USD,0400022723687,1,625.0
id,28,TR-ID-900827,Offline,2026-03-09T07:08:36Z,794.25,USD,0400026188643,1,341.25
id,28,TR-ID-900827,Offline,2026-03-09T07:08:36Z,794.25,USD,17919031,1,258.0
id,28,TR-ID-900827,Offline,2026-03-09T07:08:36Z,794.25,USD,0400020670811,1,195.0
id,7,TR-ID-900828,Offline,2026-01-27T07:24:33Z,125.0,USD,16712731,1,125.0
id,14,TR-ID-900829,Offline,2025-09-21T13:12:17Z,695.0,USD,26603261,1,310.0
id,14,TR-ID-900829,Offline,2025-09-21T13:12:17Z,695.0,USD,22139662,1,385.0
id,18,TR-ID-900830,Offline,2025-07-20T11:38:56Z,2580.0,USD,20935265,1,265.0
id,18,TR-ID-900830,Offline,2025-07-20T11:38:56Z,2580.0,USD,0400025752662,1,115.0
id,18,TR-ID-900830,Offline,2025-07-20T11:38:56Z,2580.0,USD,0400026616064,1,2200.0
id,7,TR-ID-900831,Offline,2025-10-24T02:31:14Z,452.0,USD,26423835,1,340.0
id,7,TR-ID-900831,Offline,2025-10-24T02:31:14Z,452.0,USD,0400021928584,1,112.0
id,30,TR-ID-900832,Offline,2025-09-29T19:09:30Z,310.0,USD,0400025550374,1,150.0
id,30,TR-ID-900832,Offline,2025-09-29T19:09:30Z,310.0,USD,0400016295797,1,160.0
id,2,TR-ID-900833,Offline,2026-03-11T14:03:47Z,175.0,USD,19456160,1,175.0
id,6,TR-ID-900834,Offline,2026-07-14T15:07:08Z,6400.0,USD,19112794,1,6400.0
id,30,TR-ID-900835,Offline,2026-01-29T22:05:07Z,246.75,USD,0400026470913,1,246.75
id,4,TR-ID-900836,Offline,2026-03-09T08:14:23Z,1250.0,USD,0400013927587,1,1250.0
id,11,TR-ID-900837,Offline,2026-01-31T18:41:28Z,646.39,USD,22782226,1,250.0
id,11,TR-ID-900837,Offline,2026-01-31T18:41:28Z,646.39,USD,0400026470688,1,268.0
id,11,TR-ID-900837,Offline,2026-01-31T18:41:28Z,646.39,USD,17438890,1,128.39
id,20,TR-ID-900838,Offline,2026-01-10T12:58:05Z,3060.0,USD,0400026729647,1,265.0
id,20,TR-ID-900838,Offline,2026-01-10T12:58:05Z,3060.0,USD,26479731,1,2700.0
id,20,TR-ID-900838,Offline,2026-01-10T12:58:05Z,3060.0,USD,0400026413311,1,95.0
id,28,TR-ID-900839,Offline,2025-08-15T08:05:45Z,723.0,USD,0400026331356,1,375.0
id,28,TR-ID-900839,Offline,2025-08-15T08:05:45Z,723.0,USD,0400001348979,1,348.0
id,28,TR-ID-900840,Offline,2026-03-03T09:21:52Z,3618.0,USD,0400001756814,1,78.0
id,28,TR-ID-900840,Offline,2026-03-03T09:21:52Z,3618.0,USD,26721519,1,3400.0
id,28,TR-ID-900840,Offline,2026-03-03T09:21:52Z,3618.0,USD,0400013314929,1,140.0
id,29,TR-ID-900841,Offline,2026-05-31T08:14:07Z,2995.0,USD,19881259,1,145.0
id,29,TR-ID-900841,Offline,2026-05-31T08:14:07Z,2995.0,USD,0400024784849,1,2850.0
id,7,TR-ID-900842,Offline,2025-08-14T15:52:09Z,4545.0,USD,0400024665955,1,1900.0
id,7,TR-ID-900842,Offline,2025-08-14T15:52:09Z,4545.0,USD,0400022101767,1,795.0
id,7,TR-ID-900842,Offline,2025-08-14T15:52:09Z,4545.0,USD,0400022948284,1,1850.0
id,4,TR-ID-900843,Offline,2026-06-18T19:20:05Z,3444.0,USD,26481408,1,1674.0
id,4,TR-ID-900843,Offline,2026-06-18T19:20:05Z,3444.0,USD,0400026438125,1,1770.0
id,27,TR-ID-900844,Offline,2025-10-29T10:47:27Z,2491.25,USD,0400026086691,1,1990.0
id,27,TR-ID-900844,Offline,2025-10-29T10:47:27Z,2491.25,USD,0400026020392,1,206.25
id,27,TR-ID-900844,Offline,2025-10-29T10:47:27Z,2491.25,USD,0400019765355,1,295.0
id,24,TR-ID-900845,Offline,2026-05-05T11:41:15Z,400.0,USD,20795280,1,50.0
id,24,TR-ID-900845,Offline,2026-05-05T11:41:15Z,400.0,USD,12927379,1,350.0
id,27,TR-ID-900846,Offline,2025-11-15T07:23:07Z,360.0,USD,22295092,1,360.0
id,6,TR-ID-900847,Offline,2025-08-12T22:51:39Z,596.0,USD,0400026482664,1,141.0
id,6,TR-ID-900847,Offline,2025-08-12T22:51:39Z,596.0,USD,0400026387334,1,365.0
id,6,TR-ID-900847,Offline,2025-08-12T22:51:39Z,596.0,USD,10781632,1,90.0
id,27,TR-ID-900848,Offline,2026-06-12T23:19:43Z,2625.0,USD,18124933,1,2390.0
id,27,TR-ID-900848,Offline,2026-06-12T23:19:43Z,2625.0,USD,0400026319682,1,235.0
id,15,TR-ID-900849,Offline,2025-09-19T13:52:19Z,295.0,USD,25087006,1,295.0
id,5,TR-ID-900850,Offline,2025-08-30T19:17:17Z,4115.0,USD,26493797,1,2500.0
id,5,TR-ID-900850,Offline,2025-08-30T19:17:17Z,4115.0,USD,0400026339802,1,325.0
id,5,TR-ID-900850,Offline,2025-08-30T19:17:17Z,4115.0,USD,19452285,1,1290.0
id,9,TR-ID-900851,Offline,2026-04-07T19:14:56Z,3425.0,USD,0400025551563,1,2495.0
id,9,TR-ID-900851,Offline,2026-04-07T19:14:56Z,3425.0,USD,0400026302716,1,590.0
id,9,TR-ID-900851,Offline,2026-04-07T19:14:56Z,3425.0,USD,0400014628274,1,340.0
id,8,TR-ID-900852,Offline,2026-03-17T17:04:19Z,140.0,USD,26607329,1,140.0
id,10,TR-ID-900853,Offline,2025-10-01T06:11:50Z,2980.0,USD,22952594,1,200.0
id,10,TR-ID-900853,Offline,2025-10-01T06:11:50Z,2980.0,USD,24350059,1,385.0
id,10,TR-ID-900853,Offline,2025-10-01T06:11:50Z,2980.0,USD,0400026011564,1,2395.0
id,23,TR-ID-900854,Offline,2025-10-25T18:33:51Z,911.0,USD,20181429,1,415.0
id,23,TR-ID-900854,Offline,2025-10-25T18:33:51Z,911.0,USD,0400026576350,1,346.0
id,23,TR-ID-900854,Offline,2025-10-25T18:33:51Z,911.0,USD,12927485,1,150.0
id,11,TR-ID-900855,Offline,2026-03-19T05:01:06Z,415.0,USD,0400026452009,1,170.0
id,11,TR-ID-900855,Offline,2026-03-19T05:01:06Z,415.0,USD,0400026624166,1,96.0
id,11,TR-ID-900855,Offline,2026-03-19T05:01:06Z,415.0,USD,0400026591902,1,149.0
id,2,TR-ID-900856,Offline,2026-06-08T02:52:00Z,690.0,USD,0400026618668,1,690.0
id,15,TR-ID-900857,Offline,2025-12-13T06:05:03Z,4935.0,USD,0400019880171,1,385.0
id,15,TR-ID-900857,Offline,2025-12-13T06:05:03Z,4935.0,USD,0400026965490,1,4550.0
id,27,TR-ID-900858,Offline,2026-01-02T21:54:20Z,3883.0,USD,24961501,1,3595.0
id,27,TR-ID-900858,Offline,2026-01-02T21:54:20Z,3883.0,USD,0400022828231,1,288.0
id,28,TR-ID-900859,Offline,2026-05-04T00:11:59Z,225.0,USD,26425334,1,225.0
id,22,TR-ID-900860,Offline,2026-04-24T07:30:49Z,1900.0,USD,26527887,1,1900.0
id,20,TR-ID-900861,Offline,2025-08-01T22:29:48Z,678.49,USD,19467577,1,148.49
id,20,TR-ID-900861,Offline,2025-08-01T22:29:48Z,678.49,USD,16409495,1,305.0
id,20,TR-ID-900861,Offline,2025-08-01T22:29:48Z,678.49,USD,24510517,1,225.0
id,18,TR-ID-900862,Offline,2025-12-25T15:25:45Z,1590.0,USD,0400026359215,1,1590.0
id,25,TR-ID-900863,Offline,2025-09-29T06:29:16Z,108.0,USD,23894654,1,108.0
id,2,TR-ID-900864,Offline,2025-08-20T11:50:38Z,1080.0,USD,0400026030494,1,480.0
id,2,TR-ID-900864,Offline,2025-08-20T11:50:38Z,1080.0,USD,13176629,1,250.0
id,2,TR-ID-900864,Offline,2025-08-20T11:50:38Z,1080.0,USD,0400026077501,1,350.0
id,7,TR-ID-900865,Offline,2026-03-21T09:44:01Z,160.0,USD,0400026502460,1,160.0
id,3,TR-ID-900866,Offline,2025-11-16T04:16:58Z,2563.75,USD,0400026167645,1,2350.0
id,3,TR-ID-900866,Offline,2025-11-16T04:16:58Z,2563.75,USD,0400021514136,1,213.75
id,16,TR-ID-900867,Offline,2025-07-30T19:05:58Z,170.0,USD,0400022389522,1,170.0
id,23,TR-ID-900868,Offline,2025-11-30T09:41:49Z,360.0,USD,0400019766851,1,360.0
id,11,TR-ID-900869,Offline,2026-07-16T21:31:21Z,2495.0,USD,18396193,1,2495.0
id,27,TR-ID-900870,Offline,2026-03-08T05:57:40Z,9935.0,USD,0400022949399,1,3995.0
id,27,TR-ID-900870,Offline,2026-03-08T05:57:40Z,9935.0,USD,0400026021009,1,1990.0
id,27,TR-ID-900870,Offline,2026-03-08T05:57:40Z,9935.0,USD,26328104,1,3950.0
id,29,TR-ID-900871,Offline,2025-10-21T21:00:22Z,1790.0,USD,0400026545708,1,1790.0
id,21,TR-ID-900872,Offline,2025-12-13T02:48:20Z,158.0,USD,0400001277595,1,158.0
id,30,TR-ID-900873,Offline,2026-01-02T07:14:22Z,2485.0,USD,0400026614683,1,495.0
id,30,TR-ID-900873,Offline,2026-01-02T07:14:22Z,2485.0,USD,0400026198404,1,1990.0
id,12,TR-ID-900874,Offline,2025-12-08T03:51:11Z,1500.0,USD,16480433,1,1405.0
id,12,TR-ID-900874,Offline,2025-12-08T03:51:11Z,1500.0,USD,90688344,1,95.0
id,16,TR-ID-900875,Offline,2025-08-26T12:07:08Z,3620.0,USD,0400026721705,1,990.0
id,16,TR-ID-900875,Offline,2025-08-26T12:07:08Z,3620.0,USD,26631341,1,2350.0
id,16,TR-ID-900875,Offline,2025-08-26T12:07:08Z,3620.0,USD,0400026379029,1,280.0
id,19,TR-ID-900876,Offline,2026-01-24T18:40:01Z,126.0,USD,19281293,1,126.0
id,4,TR-ID-900877,Offline,2026-07-16T00:12:45Z,950.0,USD,0400022610593,1,950.0
id,12,TR-ID-900878,Offline,2025-12-31T11:12:41Z,9090.0,USD,0400026220952,1,2690.0
id,12,TR-ID-900878,Offline,2025-12-31T11:12:41Z,9090.0,USD,0400026567628,1,1750.0
id,12,TR-ID-900878,Offline,2025-12-31T11:12:41Z,9090.0,USD,0400026442215,1,4650.0
id,15,TR-ID-900879,Offline,2025-08-30T13:39:11Z,60.0,USD,25433037,1,60.0
id,23,TR-ID-900880,Offline,2025-10-04T15:14:08Z,785.0,USD,10528643,1,119.0
id,23,TR-ID-900880,Offline,2025-10-04T15:14:08Z,785.0,USD,0400022830692,1,278.0
id,23,TR-ID-900880,Offline,2025-10-04T15:14:08Z,785.0,USD,0400022851343,1,388.0
id,4,TR-ID-900881,Offline,2025-07-25T10:50:53Z,2904.0,USD,0400026016400,1,1125.0
id,4,TR-ID-900881,Offline,2025-07-25T10:50:53Z,2904.0,USD,0400022452493,1,129.0
id,4,TR-ID-900881,Offline,2025-07-25T10:50:53Z,2904.0,USD,0400022738686,1,1650.0
id,12,TR-ID-900882,Offline,2025-10-13T06:55:23Z,650.0,USD,0400025698317,1,650.0
id,3,TR-ID-900883,Offline,2026-01-20T17:02:07Z,1062.5,USD,0400026314479,1,995.0
id,3,TR-ID-900883,Offline,2026-01-20T17:02:07Z,1062.5,USD,24230926,1,67.5
id,11,TR-ID-900884,Offline,2025-12-24T18:01:35Z,1690.0,USD,0400026707164,1,1095.0
id,11,TR-ID-900884,Offline,2025-12-24T18:01:35Z,1690.0,USD,0400023063359,1,595.0
id,16,TR-ID-900885,Offline,2026-01-01T18:15:48Z,531.0,USD,26114039,1,425.0
id,16,TR-ID-900885,Offline,2026-01-01T18:15:48Z,531.0,USD,22336711,1,106.0
id,13,TR-ID-900886,Offline,2025-08-19T03:52:26Z,295.0,USD,91783336,1,295.0
id,30,TR-ID-900887,Offline,2026-06-09T12:06:39Z,2445.0,USD,0400026510172,1,2445.0
id,21,TR-ID-900888,Offline,2026-07-01T10:04:12Z,3900.0,USD,0400026369768,1,3900.0
id,7,TR-ID-900889,Offline,2026-07-03T06:18:11Z,1110.0,USD,0400026398572,1,1110.0
id,3,TR-ID-900890,Offline,2026-05-22T01:43:25Z,1738.8,USD,0400021834789,1,718.8
id,3,TR-ID-900890,Offline,2026-05-22T01:43:25Z,1738.8,USD,0400026552593,1,1020.0
id,15,TR-ID-900891,Offline,2026-06-16T06:56:48Z,778.0,USD,26677426,1,167.0
id,15,TR-ID-900891,Offline,2026-06-16T06:56:48Z,778.0,USD,23232987,1,326.0
id,15,TR-ID-900891,Offline,2026-06-16T06:56:48Z,778.0,USD,0400025197439,1,285.0
id,20,TR-ID-900892,Offline,2025-09-09T09:00:00Z,2198.0,USD,0400026030604,1,278.0
id,20,TR-ID-900892,Offline,2025-09-09T09:00:00Z,2198.0,USD,26353163,1,1920.0
id,30,TR-ID-900893,Offline,2026-01-08T20:26:03Z,20359.0,USD,21774355,1,19950.0
id,30,TR-ID-900893,Offline,2026-01-08T20:26:03Z,20359.0,USD,0400026455713,1,299.0
id,30,TR-ID-900893,Offline,2026-01-08T20:26:03Z,20359.0,USD,24635161,1,110.0
id,15,TR-ID-900894,Offline,2026-06-15T14:45:45Z,1260.0,USD,19640442,1,1260.0
id,23,TR-ID-900895,Offline,2026-03-15T04:25:28Z,209.0,USD,19432731,1,209.0
id,3,TR-ID-900896,Offline,2026-07-06T18:25:53Z,580.0,USD,26837547,1,580.0
id,25,TR-ID-900897,Offline,2025-09-25T09:49:11Z,1450.0,USD,545465,1,1450.0
id,24,TR-ID-900898,Offline,2026-03-31T05:45:20Z,700.0,USD,0400018375836,1,410.0
id,24,TR-ID-900898,Offline,2026-03-31T05:45:20Z,700.0,USD,24533109,1,170.0
id,24,TR-ID-900898,Offline,2026-03-31T05:45:20Z,700.0,USD,0400026679044,1,120.0
id,12,TR-ID-900899,Offline,2025-11-13T17:25:04Z,1170.0,USD,0400001346370,1,1170.0
id,5,TR-ID-900900,Offline,2026-02-02T17:53:07Z,942.0,USD,0400025647024,1,594.0
id,5,TR-ID-900900,Offline,2026-02-02T17:53:07Z,942.0,USD,0400026276236,1,348.0
id,11,TR-ID-900901,Offline,2025-07-17T15:28:07Z,2535.0,USD,99033373,1,145.0
id,11,TR-ID-900901,Offline,2025-07-17T15:28:07Z,2535.0,USD,0400026578802,1,2390.0
id,15,TR-ID-900902,Offline,2025-11-02T10:31:43Z,190.0,USD,26528907,1,190.0
id,11,TR-ID-900903,Offline,2025-10-28T01:48:05Z,190.79,USD,23730023,1,190.79
id,19,TR-ID-900904,Offline,2026-06-24T10:52:19Z,385.0,USD,18480727,1,385.0
id,30,TR-ID-900905,Offline,2025-10-14T08:52:30Z,1458.0,USD,18104197,1,68.0
id,30,TR-ID-900905,Offline,2025-10-14T08:52:30Z,1458.0,USD,0400020884811,1,1390.0
id,10,TR-ID-900906,Offline,2025-08-24T20:15:01Z,5264.6,USD,89021241,1,3750.0
id,10,TR-ID-900906,Offline,2025-08-24T20:15:01Z,5264.6,USD,0400025557487,1,124.6
id,10,TR-ID-900906,Offline,2025-08-24T20:15:01Z,5264.6,USD,0400026081707,1,1390.0
id,24,TR-ID-900907,Offline,2025-12-17T07:50:02Z,227.0,USD,12196694,1,52.0
id,24,TR-ID-900907,Offline,2025-12-17T07:50:02Z,227.0,USD,19881282,1,175.0
id,20,TR-ID-900908,Offline,2025-07-18T06:38:37Z,1300.0,USD,0400026611635,1,1300.0
id,30,TR-ID-900909,Offline,2026-04-27T15:27:31Z,690.0,USD,26755448,1,110.0
id,30,TR-ID-900909,Offline,2026-04-27T15:27:31Z,690.0,USD,0400001343513,1,580.0
id,8,TR-ID-900910,Offline,2025-07-19T07:34:35Z,229.0,USD,17918942,1,229.0
id,12,TR-ID-900911,Offline,2026-01-06T08:12:29Z,5739.0,USD,17302063,1,4500.0
id,12,TR-ID-900911,Offline,2026-01-06T08:12:29Z,5739.0,USD,0400026188451,1,950.0
id,12,TR-ID-900911,Offline,2026-01-06T08:12:29Z,5739.0,USD,0400018924310,1,289.0
id,21,TR-ID-900912,Offline,2025-08-30T05:40:18Z,130.0,USD,10163250,1,130.0
id,1,TR-ID-900913,Offline,2025-09-20T21:44:59Z,2174.0,USD,0400026193190,1,698.0
id,1,TR-ID-900913,Offline,2025-09-20T21:44:59Z,2174.0,USD,0400021558135,1,1350.0
id,1,TR-ID-900913,Offline,2025-09-20T21:44:59Z,2174.0,USD,0400026566911,1,126.0
id,13,TR-ID-900914,Offline,2025-12-07T12:41:18Z,1564.5,USD,24532034,1,1564.5
id,23,TR-ID-900915,Offline,2025-08-24T11:43:26Z,2290.0,USD,26457202,1,900.0
id,23,TR-ID-900915,Offline,2025-08-24T11:43:26Z,2290.0,USD,0400017464987,1,1390.0
id,18,TR-ID-900916,Offline,2026-04-16T02:37:50Z,1830.0,USD,20382941,1,180.0
id,18,TR-ID-900916,Offline,2026-04-16T02:37:50Z,1830.0,USD,0400026293871,1,1650.0
id,29,TR-ID-900917,Offline,2025-10-18T14:09:47Z,348.0,USD,0400026077170,1,348.0
id,17,TR-ID-900918,Offline,2025-09-06T06:58:17Z,1495.0,USD,0400026768738,1,1350.0
id,17,TR-ID-900918,Offline,2025-09-06T06:58:17Z,1495.0,USD,26755430,1,50.0
id,17,TR-ID-900918,Offline,2025-09-06T06:58:17Z,1495.0,USD,0400021079832,1,95.0
id,13,TR-ID-900919,Offline,2026-02-15T13:10:55Z,231.75,USD,22850202,1,231.75
id,26,TR-ID-900920,Offline,2026-07-11T00:13:59Z,401.6,USD,24425570,1,290.0
id,26,TR-ID-900920,Offline,2026-07-11T00:13:59Z,401.6,USD,0400024669099,1,111.6
id,10,TR-ID-900921,Offline,2025-07-25T11:27:28Z,700.0,USD,0400026529687,1,125.0
id,10,TR-ID-900921,Offline,2025-07-25T11:27:28Z,700.0,USD,22455633,1,575.0
id,2,TR-ID-900922,Offline,2026-05-13T18:06:26Z,1335.0,USD,0400026749083,1,575.0
id,2,TR-ID-900922,Offline,2026-05-13T18:06:26Z,1335.0,USD,11825887,1,70.0
id,2,TR-ID-900922,Offline,2026-05-13T18:06:26Z,1335.0,USD,0400026517180,1,690.0
id,27,TR-ID-900923,Offline,2026-06-01T12:47:49Z,328.39,USD,0400020920501,1,275.0
id,27,TR-ID-900923,Offline,2026-06-01T12:47:49Z,328.39,USD,21670440,1,53.39
id,7,TR-ID-900924,Offline,2026-06-14T16:07:12Z,446.0,USD,0400026566883,1,96.0
id,7,TR-ID-900924,Offline,2026-06-14T16:07:12Z,446.0,USD,0400024688224,1,350.0
id,21,TR-ID-900925,Offline,2026-07-12T23:17:37Z,869.0,USD,22550057,1,179.0
id,21,TR-ID-900925,Offline,2026-07-12T23:17:37Z,869.0,USD,0400022022470,1,690.0
id,26,TR-ID-900926,Offline,2025-07-27T08:40:59Z,418.0,USD,24660247,1,135.0
id,26,TR-ID-900926,Offline,2025-07-27T08:40:59Z,418.0,USD,0400011880300,1,87.0
id,26,TR-ID-900926,Offline,2025-07-27T08:40:59Z,418.0,USD,0400025506533,1,196.0
id,22,TR-ID-900927,Offline,2026-03-29T21:58:58Z,3077.0,USD,0400025729306,1,1670.0
id,22,TR-ID-900927,Offline,2026-03-29T21:58:58Z,3077.0,USD,0400026435829,1,207.0
id,22,TR-ID-900927,Offline,2026-03-29T21:58:58Z,3077.0,USD,0400026012744,1,1200.0
id,23,TR-ID-900928,Offline,2026-06-13T11:31:31Z,1140.0,USD,26720878,1,250.0
id,23,TR-ID-900928,Offline,2026-06-13T11:31:31Z,1140.0,USD,25945956,1,345.0
id,23,TR-ID-900928,Offline,2026-06-13T11:31:31Z,1140.0,USD,22727614,1,545.0
id,19,TR-ID-900929,Offline,2026-02-21T01:01:42Z,1565.0,USD,16462610,1,65.0
id,19,TR-ID-900929,Offline,2026-02-21T01:01:42Z,1565.0,USD,0400026567604,1,1500.0
id,24,TR-ID-900930,Offline,2026-01-11T13:19:30Z,1698.0,USD,26491165,1,500.0
id,24,TR-ID-900930,Offline,2026-01-11T13:19:30Z,1698.0,USD,0400022754360,1,1198.0
id,27,TR-ID-900931,Offline,2026-03-10T21:42:51Z,745.0,USD,0400026065057,1,450.0
id,27,TR-ID-900931,Offline,2026-03-10T21:42:51Z,745.0,USD,26420713,1,295.0
id,24,TR-ID-900932,Offline,2025-11-13T20:06:27Z,95.0,USD,24660333,1,95.0
id,1,TR-ID-900933,Offline,2026-02-22T17:38:20Z,1355.0,USD,0400026344327,1,1355.0
id,30,TR-ID-900934,Offline,2026-03-12T06:21:01Z,2718.0,USD,14492713,1,2000.0
id,30,TR-ID-900934,Offline,2026-03-12T06:21:01Z,2718.0,USD,0400026020962,1,450.0
id,30,TR-ID-900934,Offline,2026-03-12T06:21:01Z,2718.0,USD,0400026450023,1,268.0
id,25,TR-ID-900935,Offline,2026-01-04T06:57:06Z,2600.0,USD,26579042,1,2600.0
id,25,TR-ID-900936,Offline,2025-10-27T08:34:25Z,965.0,USD,0400020074079,1,550.0
id,25,TR-ID-900936,Offline,2025-10-27T08:34:25Z,965.0,USD,0400026470489,1,415.0
id,22,TR-ID-900937,Offline,2025-09-17T21:36:54Z,17780.0,USD,20981900,1,17780.0
id,15,TR-ID-900938,Offline,2026-02-23T09:08:39Z,1442.0,USD,24366714,1,265.0
id,15,TR-ID-900938,Offline,2026-02-23T09:08:39Z,1442.0,USD,0400026548591,1,820.0
id,15,TR-ID-900938,Offline,2026-02-23T09:08:39Z,1442.0,USD,0400022578689,1,357.0
id,15,TR-ID-900939,Offline,2026-02-13T05:26:50Z,1416.0,USD,19103244,1,46.0
id,15,TR-ID-900939,Offline,2026-02-13T05:26:50Z,1416.0,USD,0400026527824,1,675.0
id,15,TR-ID-900939,Offline,2026-02-13T05:26:50Z,1416.0,USD,0400026420319,1,695.0
id,6,TR-ID-900940,Offline,2025-11-23T19:15:08Z,1814.0,USD,0400026063852,1,1450.0
id,6,TR-ID-900940,Offline,2025-11-23T19:15:08Z,1814.0,USD,26441526,1,364.0
id,16,TR-ID-900941,Offline,2026-02-28T00:22:25Z,1035.39,USD,21513158,1,290.39
id,16,TR-ID-900941,Offline,2026-02-28T00:22:25Z,1035.39,USD,0400026178575,1,450.0
id,16,TR-ID-900941,Offline,2026-02-28T00:22:25Z,1035.39,USD,26581898,1,295.0
id,27,TR-ID-900942,Offline,2026-01-29T18:42:32Z,890.0,USD,0400093100589,1,195.0
id,27,TR-ID-900942,Offline,2026-01-29T18:42:32Z,890.0,USD,0400019304973,1,695.0
id,24,TR-ID-900943,Offline,2025-12-02T09:15:01Z,704.0,USD,18399472,1,55.0
id,24,TR-ID-900943,Offline,2025-12-02T09:15:01Z,704.0,USD,0400025072517,1,649.0
id,10,TR-ID-900944,Offline,2026-04-16T01:09:03Z,275.0,USD,21888881,1,275.0
id,10,TR-ID-900945,Offline,2026-01-15T19:03:18Z,1987.5,USD,0400022604789,1,637.5
id,10,TR-ID-900945,Offline,2026-01-15T19:03:18Z,1987.5,USD,0400026808388,1,1350.0
id,26,TR-ID-900946,Offline,2026-01-15T18:17:18Z,436.99,USD,17484615,1,436.99
id,17,TR-ID-900947,Offline,2026-04-03T19:16:56Z,1155.99,USD,0400024244910,1,365.99
id,17,TR-ID-900947,Offline,2026-04-03T19:16:56Z,1155.99,USD,0400026513762,1,395.0
id,17,TR-ID-900947,Offline,2026-04-03T19:16:56Z,1155.99,USD,0400023055972,1,395.0
id,30,TR-ID-900948,Offline,2026-06-16T04:52:15Z,337.5,USD,0400026524052,1,337.5
id,10,TR-ID-900949,Offline,2026-05-15T06:02:13Z,592.5,USD,19200701,1,325.0
id,10,TR-ID-900949,Offline,2026-05-15T06:02:13Z,592.5,USD,0400026698374,1,69.5
id,10,TR-ID-900949,Offline,2026-05-15T06:02:13Z,592.5,USD,0400026993336,1,198.0
id,7,TR-ID-900950,Offline,2026-03-13T05:00:18Z,1682.49,USD,0400024698970,1,929.0
id,7,TR-ID-900950,Offline,2026-03-13T05:00:18Z,1682.49,USD,24227580,1,58.49
id,7,TR-ID-900950,Offline,2026-03-13T05:00:18Z,1682.49,USD,0400018716829,1,695.0
id,3,TR-ID-900951,Offline,2025-11-23T02:30:16Z,1345.0,USD,0400026314479,1,995.0
id,3,TR-ID-900951,Offline,2025-11-23T02:30:16Z,1345.0,USD,20753578,1,100.0
id,3,TR-ID-900951,Offline,2025-11-23T02:30:16Z,1345.0,USD,95485511,1,250.0
id,22,TR-ID-900952,Offline,2025-12-09T10:43:06Z,5500.0,USD,26639927,1,5500.0
id,4,TR-ID-900953,Offline,2025-08-13T03:17:38Z,1430.0,USD,0400026296156,1,1150.0
id,4,TR-ID-900953,Offline,2025-08-13T03:17:38Z,1430.0,USD,26612147,1,280.0
id,27,TR-ID-900954,Offline,2026-01-01T02:07:34Z,7645.0,USD,26752109,1,420.0
id,27,TR-ID-900954,Offline,2026-01-01T02:07:34Z,7645.0,USD,25942408,1,1125.0
id,27,TR-ID-900954,Offline,2026-01-01T02:07:34Z,7645.0,USD,26917564,1,6100.0
id,8,TR-ID-900955,Offline,2026-03-07T11:54:51Z,400.0,USD,0400013690335,1,400.0
id,16,TR-ID-900956,Offline,2026-01-07T22:43:09Z,2182.6,USD,0400024610554,1,228.0
id,16,TR-ID-900956,Offline,2026-01-07T22:43:09Z,2182.6,USD,0400022856170,1,159.6
id,16,TR-ID-900956,Offline,2026-01-07T22:43:09Z,2182.6,USD,17119654,1,1795.0
id,24,TR-ID-900957,Offline,2025-11-22T05:57:44Z,405.0,USD,26438677,1,125.0
id,24,TR-ID-900957,Offline,2025-11-22T05:57:44Z,405.0,USD,0400026749655,1,280.0
id,20,TR-ID-900958,Offline,2025-12-02T09:08:56Z,833.0,USD,0400026339572,1,206.5
id,20,TR-ID-900958,Offline,2025-12-02T09:08:56Z,833.0,USD,0400025060092,1,626.5
id,24,TR-ID-900959,Offline,2025-12-30T03:04:49Z,199.94,USD,22894558,1,75.0
id,24,TR-ID-900959,Offline,2025-12-30T03:04:49Z,199.94,USD,0400022871121,1,124.94
id,24,TR-ID-900960,Offline,2026-03-07T14:25:53Z,1275.0,USD,17216068,1,80.0
id,24,TR-ID-900960,Offline,2026-03-07T14:25:53Z,1275.0,USD,15289527,1,100.0
id,24,TR-ID-900960,Offline,2026-03-07T14:25:53Z,1275.0,USD,0400026292583,1,1095.0
id,15,TR-ID-900961,Offline,2025-08-18T11:13:18Z,3491.25,USD,0400022738443,1,460.0
id,15,TR-ID-900961,Offline,2025-08-18T11:13:18Z,3491.25,USD,0400026570433,1,2900.0
id,15,TR-ID-900961,Offline,2025-08-18T11:13:18Z,3491.25,USD,26459624,1,131.25
id,12,TR-ID-900962,Offline,2026-02-27T16:45:53Z,2100.0,USD,0400026079866,1,1250.0
id,12,TR-ID-900962,Offline,2026-02-27T16:45:53Z,2100.0,USD,0400026169089,1,850.0
id,7,TR-ID-900963,Offline,2026-02-11T18:07:43Z,1490.0,USD,24960951,1,1490.0
id,3,TR-ID-900964,Offline,2025-12-05T07:50:28Z,379.5,USD,24741593,1,213.0
id,3,TR-ID-900964,Offline,2025-12-05T07:50:28Z,379.5,USD,18975661,1,166.5
id,10,TR-ID-900965,Offline,2025-08-30T03:59:56Z,435.0,USD,0400026368916,1,435.0
id,4,TR-ID-900966,Offline,2026-07-16T17:38:09Z,1355.59,USD,0400018041011,1,270.0
id,4,TR-ID-900966,Offline,2026-07-16T17:38:09Z,1355.59,USD,22625872,1,728.0
id,4,TR-ID-900966,Offline,2026-07-16T17:38:09Z,1355.59,USD,21658612,1,357.59
id,2,TR-ID-900967,Offline,2026-05-06T02:59:51Z,130.8,USD,0400022961297,1,130.8
id,10,TR-ID-900968,Offline,2026-04-07T00:41:48Z,790.0,USD,0400025721248,1,790.0
id,5,TR-ID-900969,Offline,2025-10-02T12:35:25Z,2037.0,USD,0400023025625,1,620.0
id,5,TR-ID-900969,Offline,2025-10-02T12:35:25Z,2037.0,USD,18462372,1,217.0
id,5,TR-ID-900969,Offline,2025-10-02T12:35:25Z,2037.0,USD,0400024507565,1,1200.0
id,16,TR-ID-900970,Offline,2026-04-17T04:17:26Z,2925.5,USD,26229289,1,2300.0
id,16,TR-ID-900970,Offline,2026-04-17T04:17:26Z,2925.5,USD,0400017863588,1,625.5
id,23,TR-ID-900971,Offline,2025-09-08T01:17:48Z,105.0,USD,17735515,1,105.0
id,12,TR-ID-900972,Offline,2025-10-10T00:06:03Z,784.0,USD,0400025931537,1,249.0
id,12,TR-ID-900972,Offline,2025-10-10T00:06:03Z,784.0,USD,0400023895030,1,340.0
id,12,TR-ID-900972,Offline,2025-10-10T00:06:03Z,784.0,USD,26610127,1,195.0
id,16,TR-ID-900973,Offline,2026-06-14T17:56:13Z,384.0,USD,26309371,1,335.0
id,16,TR-ID-900973,Offline,2026-06-14T17:56:13Z,384.0,USD,88358239,1,49.0
id,16,TR-ID-900974,Offline,2025-10-30T06:51:33Z,280.0,USD,0400026461291,1,165.0
id,16,TR-ID-900974,Offline,2025-10-30T06:51:33Z,280.0,USD,25047658,1,115.0
id,17,TR-ID-900975,Offline,2025-12-06T22:08:08Z,431.0,USD,23232980,1,431.0
id,7,TR-ID-900976,Offline,2025-12-17T16:43:13Z,2140.0,USD,0400023063590,1,650.0
id,7,TR-ID-900976,Offline,2025-12-17T16:43:13Z,2140.0,USD,26948624,1,1490.0
id,19,TR-ID-900977,Offline,2026-06-02T00:25:54Z,61300.0,USD,22894459,1,61300.0
id,21,TR-ID-900978,Offline,2025-12-17T05:31:11Z,397.0,USD,0400026469299,1,198.0
id,21,TR-ID-900978,Offline,2025-12-17T05:31:11Z,397.0,USD,0400026601917,1,199.0
id,14,TR-ID-900979,Offline,2025-11-03T00:56:03Z,470.0,USD,26484470,1,220.0
id,14,TR-ID-900979,Offline,2025-11-03T00:56:03Z,470.0,USD,0400025127366,1,250.0
id,9,TR-ID-900980,Offline,2025-08-24T19:57:50Z,427.0,USD,0400026060705,1,427.0
id,14,TR-ID-900981,Offline,2025-08-16T02:03:35Z,795.0,USD,25718175,1,795.0
id,23,TR-ID-900982,Offline,2025-11-09T12:18:04Z,75.0,USD,23287967,1,75.0
id,6,TR-ID-900983,Offline,2026-05-03T22:47:08Z,370.0,USD,22797093,1,370.0
id,16,TR-ID-900984,Offline,2026-02-26T02:05:25Z,165.0,USD,26581930,1,165.0
id,19,TR-ID-900985,Offline,2026-06-20T06:26:49Z,10534.0,USD,19432458,1,290.0
id,19,TR-ID-900985,Offline,2026-06-20T06:26:49Z,10534.0,USD,16795166,1,10150.0
id,19,TR-ID-900985,Offline,2026-06-20T06:26:49Z,10534.0,USD,21489482,1,94.0
id,2,TR-ID-900986,Offline,2026-02-08T05:49:25Z,390.0,USD,0400025199579,1,390.0
id,21,TR-ID-900987,Offline,2025-12-14T04:15:54Z,1055.0,USD,0400022659699,1,660.0
id,21,TR-ID-900987,Offline,2025-12-14T04:15:54Z,1055.0,USD,0400015781750,1,395.0
id,27,TR-ID-900988,Offline,2026-01-07T02:13:48Z,425.0,USD,0400026846404,1,425.0
id,2,TR-ID-900989,Offline,2026-07-06T11:36:48Z,1291.0,USD,0400026560102,1,310.0
id,2,TR-ID-900989,Offline,2026-07-06T11:36:48Z,1291.0,USD,0400021652285,1,148.0
id,2,TR-ID-900989,Offline,2026-07-06T11:36:48Z,1291.0,USD,0400025708310,1,833.0
id,9,TR-ID-900990,Offline,2026-05-26T07:23:48Z,1318.0,USD,22648391,1,395.0
id,9,TR-ID-900990,Offline,2026-05-26T07:23:48Z,1318.0,USD,26359288,1,370.0
id,9,TR-ID-900990,Offline,2026-05-26T07:23:48Z,1318.0,USD,0400023000765,1,553.0
id,3,TR-ID-900991,Offline,2026-02-12T03:31:13Z,1450.0,USD,0400025590932,1,1450.0
id,22,TR-ID-900992,Offline,2026-05-12T12:50:18Z,750.5,USD,22061523,1,170.0
id,22,TR-ID-900992,Offline,2026-05-12T12:50:18Z,750.5,USD,0400020156334,1,465.0
id,22,TR-ID-900992,Offline,2026-05-12T12:50:18Z,750.5,USD,0400020770126,1,115.5
id,26,TR-ID-900993,Offline,2026-01-29T01:28:35Z,4305.0,USD,0400024242143,1,225.0
id,26,TR-ID-900993,Offline,2026-01-29T01:28:35Z,4305.0,USD,21010308,1,3250.0
id,26,TR-ID-900993,Offline,2026-01-29T01:28:35Z,4305.0,USD,0400020405151,1,830.0
id,15,TR-ID-900994,Offline,2026-05-28T14:58:42Z,4290.0,USD,0400024357001,1,890.0
id,15,TR-ID-900994,Offline,2026-05-28T14:58:42Z,4290.0,USD,26030088,1,3400.0
id,9,TR-ID-900995,Offline,2025-08-07T13:20:39Z,4779.0,USD,0400026435898,1,279.0
id,9,TR-ID-900995,Offline,2025-08-07T13:20:39Z,4779.0,USD,0400026807102,1,4500.0
id,27,TR-ID-900996,Offline,2025-11-16T10:51:01Z,1278.0,USD,19901839,1,1100.0
id,27,TR-ID-900996,Offline,2025-11-16T10:51:01Z,1278.0,USD,0400026469364,1,178.0
id,29,TR-ID-900997,Offline,2025-10-22T13:59:05Z,556.6,USD,0400023291044,1,180.0
id,29,TR-ID-900997,Offline,2025-10-22T13:59:05Z,556.6,USD,21871471,1,175.0
id,29,TR-ID-900997,Offline,2025-10-22T13:59:05Z,556.6,USD,0400025932806,1,201.6
id,6,TR-ID-900998,Offline,2025-10-28T09:57:34Z,385.0,USD,0400026441568,1,120.0
id,6,TR-ID-900998,Offline,2025-10-28T09:57:34Z,385.0,USD,0400025553055,1,265.0
id,9,TR-ID-900999,Offline,2026-02-13T15:20:17Z,1165.0,USD,0400018924944,1,170.0
id,9,TR-ID-900999,Offline,2026-02-13T15:20:17Z,1165.0,USD,0400025046819,1,995.0
id,11,TR-ID-901000,Offline,2025-09-12T02:24:12Z,2269.0,USD,0400026527751,1,354.0
id,11,TR-ID-901000,Offline,2025-09-12T02:24:12Z,2269.0,USD,0400024805402,1,225.0
id,11,TR-ID-901000,Offline,2025-09-12T02:24:12Z,2269.0,USD,22353045,1,1690.0
id,3,TR-ID-901001,Offline,2025-11-18T21:10:45Z,1344.0,USD,0400026280800,1,259.0
id,3,TR-ID-901001,Offline,2025-11-18T21:10:45Z,1344.0,USD,0400026276285,1,495.0
id,3,TR-ID-901001,Offline,2025-11-18T21:10:45Z,1344.0,USD,24852582,1,590.0
id,17,TR-ID-901002,Offline,2025-10-13T07:41:41Z,570.0,USD,26199296,1,570.0
id,17,TR-ID-901003,Offline,2026-02-22T22:46:16Z,2225.0,USD,0400010719245,1,425.0
id,17,TR-ID-901003,Offline,2026-02-22T22:46:16Z,2225.0,USD,0400026569329,1,1800.0
id,21,TR-ID-901004,Offline,2025-10-11T06:06:53Z,1498.0,USD,0400026515107,1,1498.0
id,14,TR-ID-901005,Offline,2026-01-05T01:53:39Z,2710.0,USD,64245111,1,185.0
id,14,TR-ID-901005,Offline,2026-01-05T01:53:39Z,2710.0,USD,0400026593015,1,2400.0
id,14,TR-ID-901005,Offline,2026-01-05T01:53:39Z,2710.0,USD,0400026529687,1,125.0
id,24,TR-ID-901006,Offline,2026-05-20T00:17:24Z,278.75,USD,60203208,1,65.0
id,24,TR-ID-901006,Offline,2026-05-20T00:17:24Z,278.75,USD,0400026386366,1,213.75
id,23,TR-ID-901007,Offline,2025-08-14T02:26:40Z,4095.0,USD,25965745,1,395.0
id,23,TR-ID-901007,Offline,2025-08-14T02:26:40Z,4095.0,USD,0400026109469,1,3700.0
id,5,TR-ID-901008,Offline,2026-05-08T05:54:51Z,874.0,USD,0400095253466,1,275.0
id,5,TR-ID-901008,Offline,2026-05-08T05:54:51Z,874.0,USD,0400025644054,1,354.0
id,5,TR-ID-901008,Offline,2026-05-08T05:54:51Z,874.0,USD,0400022928481,1,245.0
id,4,TR-ID-901009,Offline,2025-07-25T01:02:37Z,4002.0,USD,0400026007124,1,574.0
id,4,TR-ID-901009,Offline,2025-07-25T01:02:37Z,4002.0,USD,0400025978253,1,2850.0
id,4,TR-ID-901009,Offline,2025-07-25T01:02:37Z,4002.0,USD,0400026292728,1,578.0
id,15,TR-ID-901010,Offline,2025-09-01T08:19:40Z,30.0,USD,22704311,1,30.0
id,30,TR-ID-901011,Offline,2026-01-07T02:44:27Z,1148.0,USD,0400026497213,1,398.0
id,30,TR-ID-901011,Offline,2026-01-07T02:44:27Z,1148.0,USD,26869371,1,750.0
id,5,TR-ID-901012,Offline,2026-06-07T18:17:52Z,1183.0,USD,0400026309422,1,621.0
id,5,TR-ID-901012,Offline,2026-06-07T18:17:52Z,1183.0,USD,0400022944667,1,530.0
id,5,TR-ID-901012,Offline,2026-06-07T18:17:52Z,1183.0,USD,16993555,1,32.0
id,2,TR-ID-901013,Offline,2025-09-03T00:14:57Z,5900.0,USD,20797265,1,5900.0
id,14,TR-ID-901014,Offline,2025-08-10T14:28:17Z,1015.0,USD,11755283,1,110.0
id,14,TR-ID-901014,Offline,2025-08-10T14:28:17Z,1015.0,USD,0400020056457,1,790.0
id,14,TR-ID-901014,Offline,2025-08-10T14:28:17Z,1015.0,USD,0400021590918,1,115.0
id,22,TR-ID-901015,Offline,2026-04-29T10:57:55Z,713.0,USD,0400022845263,1,358.0
id,22,TR-ID-901015,Offline,2026-04-29T10:57:55Z,713.0,USD,0400026113764,1,355.0
id,25,TR-ID-901016,Offline,2026-07-08T22:29:53Z,208.0,USD,0400026281544,1,208.0
id,30,TR-ID-901017,Offline,2026-03-22T15:18:39Z,605.0,USD,0400095695499,1,170.0
id,30,TR-ID-901017,Offline,2026-03-22T15:18:39Z,605.0,USD,26062335,1,105.0
id,30,TR-ID-901017,Offline,2026-03-22T15:18:39Z,605.0,USD,22417168,1,330.0
id,8,TR-ID-901018,Offline,2025-09-05T13:31:28Z,488.75,USD,12568434,1,140.0
id,8,TR-ID-901018,Offline,2025-09-05T13:31:28Z,488.75,USD,0400026421857,1,348.75
id,3,TR-ID-901019,Offline,2025-12-23T20:35:28Z,483.0,USD,0400022230511,1,483.0
id,24,TR-ID-901020,Offline,2026-05-12T22:18:46Z,1029.0,USD,19988397,1,210.0
id,24,TR-ID-901020,Offline,2026-05-12T22:18:46Z,1029.0,USD,18922147,1,819.0
id,6,TR-ID-901021,Offline,2026-04-19T16:04:09Z,2370.0,USD,0400026589849,1,1295.0
id,6,TR-ID-901021,Offline,2026-04-19T16:04:09Z,2370.0,USD,0400025549124,1,395.0
id,6,TR-ID-901021,Offline,2026-04-19T16:04:09Z,2370.0,USD,0400026693914,1,680.0
id,23,TR-ID-901022,Offline,2025-08-28T06:28:29Z,308.0,USD,24660344,1,160.0
id,23,TR-ID-901022,Offline,2025-08-28T06:28:29Z,308.0,USD,0400026920450,1,148.0
id,8,TR-ID-901023,Offline,2026-04-22T04:23:03Z,1090.0,USD,0400019432571,1,775.0
id,8,TR-ID-901023,Offline,2026-04-22T04:23:03Z,1090.0,USD,10290850,1,85.0
id,8,TR-ID-901023,Offline,2026-04-22T04:23:03Z,1090.0,USD,26697180,1,230.0
id,26,TR-ID-901024,Offline,2026-07-07T17:44:27Z,2163.0,USD,91827832,1,1250.0
id,26,TR-ID-901024,Offline,2026-07-07T17:44:27Z,2163.0,USD,26505774,1,198.0
id,26,TR-ID-901024,Offline,2026-07-07T17:44:27Z,2163.0,USD,19744471,1,715.0
id,14,TR-ID-901025,Offline,2026-01-13T15:05:25Z,3577.0,USD,13049647,1,1500.0
id,14,TR-ID-901025,Offline,2026-01-13T15:05:25Z,3577.0,USD,0400026472973,1,1720.0
id,14,TR-ID-901025,Offline,2026-01-13T15:05:25Z,3577.0,USD,0400026436017,1,357.0
id,12,TR-ID-901026,Offline,2026-02-17T18:06:27Z,240.0,USD,24661530,1,240.0
id,9,TR-ID-901027,Offline,2025-07-19T18:11:09Z,1340.0,USD,20891746,1,1340.0
id,13,TR-ID-901028,Offline,2026-05-25T19:02:56Z,1139.49,USD,22865366,1,394.49
id,13,TR-ID-901028,Offline,2026-05-25T19:02:56Z,1139.49,USD,0400026697999,1,145.0
id,13,TR-ID-901028,Offline,2026-05-25T19:02:56Z,1139.49,USD,26391986,1,600.0
id,4,TR-ID-901029,Offline,2025-09-17T02:58:33Z,428.0,USD,0400026365231,1,428.0
id,9,TR-ID-901030,Offline,2026-06-05T05:04:04Z,1883.0,USD,0400015320380,1,1640.0
id,9,TR-ID-901030,Offline,2026-06-05T05:04:04Z,1883.0,USD,0400024520544,1,114.0
id,9,TR-ID-901030,Offline,2026-06-05T05:04:04Z,1883.0,USD,18496779,1,129.0
id,6,TR-ID-901031,Offline,2025-12-03T04:15:09Z,1295.0,USD,0400024664109,1,1295.0
id,11,TR-ID-901032,Offline,2025-11-13T06:06:01Z,598.98,USD,20928394,1,47.39
id,11,TR-ID-901032,Offline,2025-11-13T06:06:01Z,598.98,USD,0400026034521,1,299.59
id,11,TR-ID-901032,Offline,2025-11-13T06:06:01Z,598.98,USD,26219121,1,252.0
id,2,TR-ID-901033,Offline,2025-09-22T09:13:23Z,1315.0,USD,26393135,1,420.0
id,2,TR-ID-901033,Offline,2025-09-22T09:13:23Z,1315.0,USD,18511922,1,895.0
id,21,TR-ID-901034,Offline,2025-07-28T14:02:11Z,1975.0,USD,0400024606599,1,1450.0
id,21,TR-ID-901034,Offline,2025-07-28T14:02:11Z,1975.0,USD,0400026607347,1,525.0
id,8,TR-ID-901035,Offline,2026-02-15T11:41:52Z,678.0,USD,23859150,1,330.0
id,8,TR-ID-901035,Offline,2026-02-15T11:41:52Z,678.0,USD,0400026579926,1,348.0
id,10,TR-ID-901036,Offline,2026-01-05T09:42:57Z,56.0,USD,26507324,1,56.0
id,6,TR-ID-901037,Offline,2025-09-14T19:57:15Z,1200.0,USD,0400024204456,1,375.0
id,6,TR-ID-901037,Offline,2025-09-14T19:57:15Z,1200.0,USD,0400026039661,1,395.0
id,6,TR-ID-901037,Offline,2025-09-14T19:57:15Z,1200.0,USD,26061440,1,430.0
id,24,TR-ID-901038,Offline,2026-06-23T02:07:31Z,68.0,USD,15121075,1,68.0
id,20,TR-ID-901039,Offline,2025-11-30T01:45:53Z,896.6,USD,0400021806785,1,560.0
id,20,TR-ID-901039,Offline,2025-11-30T01:45:53Z,896.6,USD,0400025200728,1,138.6
id,20,TR-ID-901039,Offline,2025-11-30T01:45:53Z,896.6,USD,0400019625845,1,198.0
id,16,TR-ID-901040,Offline,2025-12-17T01:35:52Z,675.0,USD,0400026106544,1,675.0
id,14,TR-ID-901041,Offline,2025-08-18T00:16:43Z,510.0,USD,12967440,1,325.0
id,14,TR-ID-901041,Offline,2025-08-18T00:16:43Z,510.0,USD,0400026033882,1,185.0
id,20,TR-ID-901042,Offline,2026-04-16T15:00:57Z,1520.0,USD,0400023068711,1,175.0
id,20,TR-ID-901042,Offline,2026-04-16T15:00:57Z,1520.0,USD,18465793,1,595.0
id,20,TR-ID-901042,Offline,2026-04-16T15:00:57Z,1520.0,USD,0400025652330,1,750.0
id,4,TR-ID-901043,Offline,2026-04-25T02:05:02Z,736.0,USD,0400021639568,1,158.0
id,4,TR-ID-901043,Offline,2026-04-25T02:05:02Z,736.0,USD,21976579,1,53.0
id,4,TR-ID-901043,Offline,2026-04-25T02:05:02Z,736.0,USD,0400026771115,1,525.0
id,15,TR-ID-901044,Offline,2026-06-01T10:32:55Z,2031.5,USD,26527369,1,85.0
id,15,TR-ID-901044,Offline,2026-06-01T10:32:55Z,2031.5,USD,0400025367497,1,696.5
id,15,TR-ID-901044,Offline,2026-06-01T10:32:55Z,2031.5,USD,0400025983340,1,1250.0
id,24,TR-ID-901045,Offline,2025-09-27T11:31:38Z,2257.0,USD,70088680,1,33.0
id,24,TR-ID-901045,Offline,2025-09-27T11:31:38Z,2257.0,USD,0400026334965,1,979.0
id,24,TR-ID-901045,Offline,2025-09-27T11:31:38Z,2257.0,USD,0400000151264,1,1245.0
id,5,TR-ID-901046,Offline,2026-01-12T11:08:51Z,8325.0,USD,22953049,1,8100.0
id,5,TR-ID-901046,Offline,2026-01-12T11:08:51Z,8325.0,USD,26585548,1,225.0
id,14,TR-ID-901047,Offline,2026-02-28T09:47:45Z,794.0,USD,17681531,1,199.0
id,14,TR-ID-901047,Offline,2026-02-28T09:47:45Z,794.0,USD,0400026378310,1,595.0
id,24,TR-ID-901048,Offline,2026-04-13T01:18:56Z,155.0,USD,0400012965791,1,155.0
id,28,TR-ID-901049,Offline,2025-11-17T13:24:03Z,184.0,USD,26603278,1,80.0
id,28,TR-ID-901049,Offline,2025-11-17T13:24:03Z,184.0,USD,0400099216265,1,104.0
id,27,TR-ID-901050,Offline,2026-07-01T14:41:36Z,2530.0,USD,0400026095633,1,690.0
id,27,TR-ID-901050,Offline,2026-07-01T14:41:36Z,2530.0,USD,0400022951041,1,1045.0
id,27,TR-ID-901050,Offline,2026-07-01T14:41:36Z,2530.0,USD,26917562,1,795.0
id,12,TR-ID-901051,Offline,2025-07-16T16:54:57Z,2715.0,USD,0400026495480,1,185.0
id,12,TR-ID-901051,Offline,2025-07-16T16:54:57Z,2715.0,USD,25727863,1,380.0
id,12,TR-ID-901051,Offline,2025-07-16T16:54:57Z,2715.0,USD,0400026959168,1,2150.0
id,17,TR-ID-901052,Offline,2026-02-19T06:45:38Z,1865.99,USD,0400026418359,1,1590.0
id,17,TR-ID-901052,Offline,2026-02-19T06:45:38Z,1865.99,USD,0400025507379,1,174.0
id,17,TR-ID-901052,Offline,2026-02-19T06:45:38Z,1865.99,USD,0400022274572,1,101.99
id,6,TR-ID-901053,Offline,2025-08-08T21:34:32Z,573.0,USD,18480739,1,475.0
id,6,TR-ID-901053,Offline,2025-08-08T21:34:32Z,573.0,USD,0400026180327,1,98.0
id,21,TR-ID-901054,Offline,2026-01-15T20:15:51Z,1524.2,USD,0400021986352,1,159.2
id,21,TR-ID-901054,Offline,2026-01-15T20:15:51Z,1524.2,USD,0400025999173,1,1035.0
id,21,TR-ID-901054,Offline,2026-01-15T20:15:51Z,1524.2,USD,26199601,1,330.0
id,25,TR-ID-901055,Offline,2026-06-23T07:36:08Z,1250.0,USD,21760185,1,1195.0
id,25,TR-ID-901055,Offline,2026-06-23T07:36:08Z,1250.0,USD,0400012194370,1,55.0
id,18,TR-ID-901056,Offline,2026-07-08T01:31:11Z,764.5,USD,0400020972287,1,98.0
id,18,TR-ID-901056,Offline,2026-07-08T01:31:11Z,764.5,USD,17587317,1,346.5
id,18,TR-ID-901056,Offline,2026-07-08T01:31:11Z,764.5,USD,13252832,1,320.0
id,2,TR-ID-901057,Offline,2026-01-05T22:14:53Z,478.0,USD,0400014969534,1,178.0
id,2,TR-ID-901057,Offline,2026-01-05T22:14:53Z,478.0,USD,0400001237198,1,300.0
id,29,TR-ID-901058,Offline,2025-08-14T02:36:45Z,1286.0,USD,0400024664997,1,1002.0
id,29,TR-ID-901058,Offline,2025-08-14T02:36:45Z,1286.0,USD,0400026119241,1,185.0
id,29,TR-ID-901058,Offline,2025-08-14T02:36:45Z,1286.0,USD,0400026591848,1,99.0
id,20,TR-ID-901059,Offline,2026-05-14T11:07:22Z,3759.5,USD,26578635,1,3400.0
id,20,TR-ID-901059,Offline,2026-05-14T11:07:22Z,3759.5,USD,95335765,1,187.0
id,20,TR-ID-901059,Offline,2026-05-14T11:07:22Z,3759.5,USD,12521665,1,172.5
id,4,TR-ID-901060,Offline,2026-03-18T11:41:42Z,228.0,USD,0400024593728,1,228.0
id,15,TR-ID-901061,Offline,2025-09-22T14:19:59Z,3100.0,USD,25047685,1,210.0
id,15,TR-ID-901061,Offline,2025-09-22T14:19:59Z,3100.0,USD,19323293,1,2890.0
id,3,TR-ID-901062,Offline,2025-11-18T04:48:34Z,619.59,USD,0400021826393,1,278.59
id,3,TR-ID-901062,Offline,2025-11-18T04:48:34Z,619.59,USD,20692915,1,193.0
id,3,TR-ID-901062,Offline,2025-11-18T04:48:34Z,619.59,USD,0400022087747,1,148.0
id,11,TR-ID-901063,Offline,2026-07-13T23:19:54Z,445.0,USD,20091504,1,445.0
id,13,TR-ID-901064,Offline,2026-01-04T08:10:21Z,324.09,USD,22946807,1,136.5
id,13,TR-ID-901064,Offline,2026-01-04T08:10:21Z,324.09,USD,0400026034948,1,187.59
id,11,TR-ID-901065,Offline,2025-09-24T10:02:07Z,3992.5,USD,26740616,1,3450.0
id,11,TR-ID-901065,Offline,2025-09-24T10:02:07Z,3992.5,USD,20975013,1,542.5
id,5,TR-ID-901066,Offline,2026-03-25T06:56:56Z,13101.0,USD,13903268,1,13000.0
id,5,TR-ID-901066,Offline,2026-03-25T06:56:56Z,13101.0,USD,20547942,1,101.0
id,22,TR-ID-901067,Offline,2025-12-14T11:10:40Z,595.0,USD,20226021,1,595.0
id,3,TR-ID-901068,Offline,2026-04-28T05:11:49Z,1175.0,USD,0400025453551,1,1175.0
id,6,TR-ID-901069,Offline,2026-06-01T08:36:23Z,2435.0,USD,0400090545347,1,650.0
id,6,TR-ID-901069,Offline,2026-06-01T08:36:23Z,2435.0,USD,0400022779138,1,1695.0
id,6,TR-ID-901069,Offline,2026-06-01T08:36:23Z,2435.0,USD,15468357,1,90.0
id,22,TR-ID-901070,Offline,2026-06-07T20:34:21Z,22500.0,USD,22704507,1,22500.0
id,29,TR-ID-901071,Offline,2026-06-10T15:37:43Z,1933.0,USD,16712720,1,145.0
id,29,TR-ID-901071,Offline,2026-06-10T15:37:43Z,1933.0,USD,0400026480749,1,1390.0
id,29,TR-ID-901071,Offline,2026-06-10T15:37:43Z,1933.0,USD,0400026097746,1,398.0
id,5,TR-ID-901072,Offline,2026-02-07T04:17:30Z,1373.0,USD,0400026877387,1,1150.0
id,5,TR-ID-901072,Offline,2026-02-07T04:17:30Z,1373.0,USD,0400022145681,1,150.0
id,5,TR-ID-901072,Offline,2026-02-07T04:17:30Z,1373.0,USD,95899929,1,73.0
id,25,TR-ID-901073,Offline,2026-06-10T13:31:13Z,13603.0,USD,21009403,1,128.0
id,25,TR-ID-901073,Offline,2026-06-10T13:31:13Z,13603.0,USD,26629848,1,12460.0
id,25,TR-ID-901073,Offline,2026-06-10T13:31:13Z,13603.0,USD,0400026719499,1,1015.0
id,7,TR-ID-901074,Offline,2026-05-31T17:06:02Z,3248.0,USD,17302131,1,3050.0
id,7,TR-ID-901074,Offline,2026-05-31T17:06:02Z,3248.0,USD,0400022787363,1,198.0
id,12,TR-ID-901075,Offline,2025-09-05T20:25:10Z,378.0,USD,17749013,1,378.0
id,18,TR-ID-901076,Offline,2026-06-13T19:41:39Z,5685.0,USD,0400026280100,1,1390.0
id,18,TR-ID-901076,Offline,2026-06-13T19:41:39Z,5685.0,USD,0400026172596,1,3700.0
id,18,TR-ID-901076,Offline,2026-06-13T19:41:39Z,5685.0,USD,0400026078210,1,595.0
id,4,TR-ID-901077,Offline,2026-05-07T22:55:03Z,11543.5,USD,0400017862957,1,643.5
id,4,TR-ID-901077,Offline,2026-05-07T22:55:03Z,11543.5,USD,22936006,1,9800.0
id,4,TR-ID-901077,Offline,2026-05-07T22:55:03Z,11543.5,USD,0400026062976,1,1100.0
id,19,TR-ID-901078,Offline,2026-03-12T00:35:27Z,1633.0,USD,17918902,1,258.0
id,19,TR-ID-901078,Offline,2026-03-12T00:35:27Z,1633.0,USD,0400024022018,1,585.0
id,19,TR-ID-901078,Offline,2026-03-12T00:35:27Z,1633.0,USD,0400021347524,1,790.0
id,26,TR-ID-901079,Offline,2026-03-14T21:41:17Z,847.5,USD,99377454,1,247.5
id,26,TR-ID-901079,Offline,2026-03-14T21:41:17Z,847.5,USD,17815812,1,245.0
id,26,TR-ID-901079,Offline,2026-03-14T21:41:17Z,847.5,USD,0400026060784,1,355.0
id,20,TR-ID-901080,Offline,2025-11-24T06:38:37Z,7190.0,USD,26838401,1,4400.0
id,20,TR-ID-901080,Offline,2025-11-24T06:38:37Z,7190.0,USD,0400026514048,1,1000.0
id,20,TR-ID-901080,Offline,2025-11-24T06:38:37Z,7190.0,USD,0400024794593,1,1790.0
id,6,TR-ID-901081,Offline,2026-01-15T04:53:34Z,6170.0,USD,21675268,1,70.0
id,6,TR-ID-901081,Offline,2026-01-15T04:53:34Z,6170.0,USD,26721100,1,6100.0
id,28,TR-ID-901082,Offline,2025-11-29T08:40:28Z,1473.0,USD,0400001670055,1,110.0
id,28,TR-ID-901082,Offline,2025-11-29T08:40:28Z,1473.0,USD,0400026684289,1,1295.0
id,28,TR-ID-901082,Offline,2025-11-29T08:40:28Z,1473.0,USD,18725427,1,68.0
id,20,TR-ID-901083,Offline,2026-04-24T05:53:53Z,1270.0,USD,23862217,1,170.0
id,20,TR-ID-901083,Offline,2026-04-24T05:53:53Z,1270.0,USD,26755426,1,110.0
id,20,TR-ID-901083,Offline,2026-04-24T05:53:53Z,1270.0,USD,0400026493771,1,990.0
id,6,TR-ID-901084,Offline,2026-06-29T22:33:21Z,727.5,USD,20858743,1,451.0
id,6,TR-ID-901084,Offline,2026-06-29T22:33:21Z,727.5,USD,0400025722710,1,276.5
id,17,TR-ID-901085,Offline,2025-07-18T05:06:29Z,630.0,USD,0400026064739,1,630.0
id,14,TR-ID-901086,Offline,2025-08-09T06:54:39Z,520.0,USD,21890577,1,340.0
id,14,TR-ID-901086,Offline,2025-08-09T06:54:39Z,520.0,USD,13235277,1,180.0
id,28,TR-ID-901087,Offline,2025-08-10T15:19:48Z,449.5,USD,23843478,1,75.0
id,28,TR-ID-901087,Offline,2025-08-10T15:19:48Z,449.5,USD,0400022219460,1,206.5
id,28,TR-ID-901087,Offline,2025-08-10T15:19:48Z,449.5,USD,0400026469380,1,168.0
id,4,TR-ID-901088,Offline,2026-03-14T03:42:37Z,780.5,USD,0400018985732,1,535.5
id,4,TR-ID-901088,Offline,2026-03-14T03:42:37Z,780.5,USD,12026001,1,245.0
id,16,TR-ID-901089,Offline,2025-09-06T20:50:26Z,133.5,USD,0400025570185,1,133.5
id,28,TR-ID-901090,Offline,2026-05-18T19:44:01Z,370.0,USD,24660352,1,370.0
id,11,TR-ID-901091,Offline,2026-03-18T21:52:07Z,630.0,USD,0400021201010,1,630.0
id,5,TR-ID-901092,Offline,2025-07-18T04:42:42Z,120.0,USD,0400012386681,1,120.0
id,27,TR-ID-901093,Offline,2025-08-22T09:15:50Z,6170.0,USD,0400026552466,1,950.0
id,27,TR-ID-901093,Offline,2025-08-22T09:15:50Z,6170.0,USD,25845344,1,3950.0
id,27,TR-ID-901093,Offline,2025-08-22T09:15:50Z,6170.0,USD,0400025649619,1,1270.0
id,1,TR-ID-901094,Offline,2025-11-26T20:54:27Z,120.0,USD,26331036,1,120.0
id,7,TR-ID-901095,Offline,2025-11-29T01:32:58Z,580.0,USD,0400026416299,1,580.0
id,10,TR-ID-901096,Offline,2026-01-14T14:49:16Z,559.0,USD,0400024522120,1,364.0
id,10,TR-ID-901096,Offline,2026-01-14T14:49:16Z,559.0,USD,0400026350459,1,195.0
id,13,TR-ID-901097,Offline,2026-05-21T14:49:52Z,962.0,USD,0400021915582,1,322.0
id,13,TR-ID-901097,Offline,2026-05-21T14:49:52Z,962.0,USD,26166591,1,640.0
id,30,TR-ID-901098,Offline,2026-02-07T04:04:01Z,385.0,USD,13048711,1,385.0
id,6,TR-ID-901099,Offline,2025-08-26T20:07:49Z,1605.0,USD,26096499,1,315.0
id,6,TR-ID-901099,Offline,2025-08-26T20:07:49Z,1605.0,USD,26758246,1,595.0
id,6,TR-ID-901099,Offline,2025-08-26T20:07:49Z,1605.0,USD,18178252,1,695.0
id,26,TR-ID-901100,Offline,2025-11-16T00:04:53Z,213.0,USD,26100111,1,115.0
id,26,TR-ID-901100,Offline,2025-11-16T00:04:53Z,213.0,USD,0400026180177,1,98.0
id,3,TR-ID-901101,Offline,2026-04-01T10:45:14Z,1450.0,USD,24786577,1,1450.0
id,28,TR-ID-901102,Offline,2025-12-15T18:40:21Z,375.0,USD,0400024219537,1,375.0
id,21,TR-ID-901103,Offline,2025-12-07T16:52:51Z,1450.0,USD,26882833,1,1450.0
id,16,TR-ID-901104,Offline,2025-09-10T02:37:08Z,8305.0,USD,0400026763824,1,1450.0
id,16,TR-ID-901104,Offline,2025-09-10T02:37:08Z,8305.0,USD,0400026334816,1,955.0
id,16,TR-ID-901104,Offline,2025-09-10T02:37:08Z,8305.0,USD,0400025563876,1,5900.0
id,27,TR-ID-901105,Offline,2025-10-27T18:02:00Z,433.0,USD,0400026339678,1,325.0
id,27,TR-ID-901105,Offline,2025-10-27T18:02:00Z,433.0,USD,22699595,1,108.0
id,7,TR-ID-901106,Offline,2026-02-17T14:03:57Z,1650.0,USD,0400026296812,1,1650.0
id,9,TR-ID-901107,Offline,2026-04-29T08:42:23Z,1715.0,USD,17625102,1,1145.0
id,9,TR-ID-901107,Offline,2026-04-29T08:42:23Z,1715.0,USD,16926009,1,350.0
id,9,TR-ID-901107,Offline,2026-04-29T08:42:23Z,1715.0,USD,0400026214914,1,220.0
id,1,TR-ID-901108,Offline,2025-11-16T04:47:49Z,1829.0,USD,0400021673473,1,695.0
id,1,TR-ID-901108,Offline,2025-11-16T04:47:49Z,1829.0,USD,0400026050357,1,1134.0
id,11,TR-ID-901109,Offline,2026-07-11T22:54:32Z,15068.5,USD,19325656,1,14300.0
id,11,TR-ID-901109,Offline,2026-07-11T22:54:32Z,15068.5,USD,0400026363058,1,98.5
id,11,TR-ID-901109,Offline,2026-07-11T22:54:32Z,15068.5,USD,15313832,1,670.0
id,16,TR-ID-901110,Offline,2025-10-16T08:47:42Z,2179.0,USD,0400026628759,1,1649.0
id,16,TR-ID-901110,Offline,2025-10-16T08:47:42Z,2179.0,USD,0400025580415,1,530.0
id,2,TR-ID-901111,Offline,2026-04-14T14:11:52Z,892.5,USD,0400026417959,1,255.0
id,2,TR-ID-901111,Offline,2026-04-14T14:11:52Z,892.5,USD,0400026621954,1,450.0
id,2,TR-ID-901111,Offline,2026-04-14T14:11:52Z,892.5,USD,0400026105756,1,187.5
id,10,TR-ID-901112,Offline,2026-04-22T03:11:07Z,346.5,USD,22944480,1,346.5
id,12,TR-ID-901113,Offline,2025-07-28T19:39:44Z,350.0,USD,26501039,1,350.0
id,22,TR-ID-901114,Offline,2026-04-22T16:28:13Z,375.0,USD,0400026215917,1,375.0
id,10,TR-ID-901115,Offline,2025-12-22T08:11:56Z,1513.5,USD,23234365,1,192.0
id,10,TR-ID-901115,Offline,2025-12-22T08:11:56Z,1513.5,USD,0400021813094,1,276.5
id,10,TR-ID-901115,Offline,2025-12-22T08:11:56Z,1513.5,USD,0400025709009,1,1045.0
id,9,TR-ID-901116,Offline,2025-11-30T13:00:47Z,10952.0,USD,26629885,1,10235.0
id,9,TR-ID-901116,Offline,2025-11-30T13:00:47Z,10952.0,USD,0400022038683,1,548.0
id,9,TR-ID-901116,Offline,2025-11-30T13:00:47Z,10952.0,USD,26619870,1,169.0
id,12,TR-ID-901117,Offline,2025-10-19T06:04:23Z,460.0,USD,0400025070462,1,65.0
id,12,TR-ID-901117,Offline,2025-10-19T06:04:23Z,460.0,USD,0400022932757,1,395.0
id,15,TR-ID-901118,Offline,2026-03-19T17:21:53Z,1260.0,USD,68117854,1,150.0
id,15,TR-ID-901118,Offline,2026-03-19T17:21:53Z,1260.0,USD,0400026414183,1,165.0
id,15,TR-ID-901118,Offline,2026-03-19T17:21:53Z,1260.0,USD,0400009000219,1,945.0
id,16,TR-ID-901119,Offline,2026-02-26T04:59:32Z,868.0,USD,0400025975155,1,650.0
id,16,TR-ID-901119,Offline,2026-02-26T04:59:32Z,868.0,USD,0400026758252,1,218.0
id,26,TR-ID-901120,Offline,2026-06-10T14:07:42Z,76.0,USD,14542318,1,76.0
id,21,TR-ID-901121,Offline,2026-06-25T02:48:46Z,1998.0,USD,25927829,1,1400.0
id,21,TR-ID-901121,Offline,2026-06-25T02:48:46Z,1998.0,USD,0400026400814,1,598.0
id,22,TR-ID-901122,Offline,2026-01-11T12:52:31Z,2706.0,USD,24233344,1,1545.0
id,22,TR-ID-901122,Offline,2026-01-11T12:52:31Z,2706.0,USD,24240088,1,336.0
id,22,TR-ID-901122,Offline,2026-01-11T12:52:31Z,2706.0,USD,0400019396234,1,825.0
id,14,TR-ID-901123,Offline,2025-08-08T12:35:14Z,390.19,USD,19758850,1,155.0
id,14,TR-ID-901123,Offline,2025-08-08T12:35:14Z,390.19,USD,21795189,1,235.19
id,10,TR-ID-901124,Offline,2025-09-15T00:14:51Z,2638.0,USD,0400026856050,1,2500.0
id,10,TR-ID-901124,Offline,2025-09-15T00:14:51Z,2638.0,USD,0400014923231,1,138.0
id,23,TR-ID-901125,Offline,2026-04-22T21:18:56Z,840.0,USD,0400026452009,1,170.0
id,23,TR-ID-901125,Offline,2026-04-22T21:18:56Z,840.0,USD,0400026364352,1,175.0
id,23,TR-ID-901125,Offline,2026-04-22T21:18:56Z,840.0,USD,0400019815622,1,495.0
id,25,TR-ID-901126,Offline,2026-02-04T23:14:11Z,655.0,USD,0400025750237,1,655.0
id,11,TR-ID-901127,Offline,2025-08-08T10:17:24Z,2585.0,USD,0400020971753,1,595.0
id,11,TR-ID-901127,Offline,2025-08-08T10:17:24Z,2585.0,USD,0400025740962,1,1990.0
id,11,TR-ID-901128,Offline,2025-08-15T14:32:28Z,498.0,USD,0400026537381,1,498.0
id,21,TR-ID-901129,Offline,2026-01-05T15:08:43Z,613.59,USD,0400026197315,1,160.0
id,21,TR-ID-901129,Offline,2026-01-05T15:08:43Z,613.59,USD,24691899,1,350.0
id,21,TR-ID-901129,Offline,2026-01-05T15:08:43Z,613.59,USD,21826272,1,103.59
id,9,TR-ID-901130,Offline,2026-03-30T06:46:57Z,748.0,USD,26166591,1,640.0
id,9,TR-ID-901130,Offline,2026-03-30T06:46:57Z,748.0,USD,23237586,1,108.0
id,19,TR-ID-901131,Offline,2025-11-19T16:21:38Z,4420.0,USD,22666047,1,4420.0
id,14,TR-ID-901132,Offline,2025-11-08T07:44:29Z,409.5,USD,25645805,1,72.0
id,14,TR-ID-901132,Offline,2025-11-08T07:44:29Z,409.5,USD,0400024810125,1,337.5
id,11,TR-ID-901133,Offline,2026-06-04T11:12:34Z,234.0,USD,10987764,1,105.0
id,11,TR-ID-901133,Offline,2026-06-04T11:12:34Z,234.0,USD,0400026453970,1,129.0
id,23,TR-ID-901134,Offline,2025-10-07T23:43:38Z,1195.0,USD,26312504,1,1195.0
id,30,TR-ID-901135,Offline,2025-09-13T02:08:27Z,1023.0,USD,0400012033820,1,398.0
id,30,TR-ID-901135,Offline,2025-09-13T02:08:27Z,1023.0,USD,26613399,1,400.0
id,30,TR-ID-901135,Offline,2025-09-13T02:08:27Z,1023.0,USD,25705192,1,225.0
id,14,TR-ID-901136,Offline,2026-07-05T20:17:43Z,530.0,USD,24023240,1,530.0
id,23,TR-ID-901137,Offline,2026-06-09T13:33:07Z,286.25,USD,25087269,1,110.0
id,23,TR-ID-901137,Offline,2026-06-09T13:33:07Z,286.25,USD,0400026559500,1,176.25
id,6,TR-ID-901138,Offline,2026-06-02T02:22:17Z,201.5,USD,11137052,1,82.0
id,6,TR-ID-901138,Offline,2026-06-02T02:22:17Z,201.5,USD,64674526,1,50.0
id,6,TR-ID-901138,Offline,2026-06-02T02:22:17Z,201.5,USD,0400026483623,1,69.5
id,18,TR-ID-901139,Offline,2025-10-28T14:02:59Z,3945.0,USD,0400026075873,1,3945.0
id,20,TR-ID-901140,Offline,2025-12-25T08:59:53Z,10990.0,USD,0400026410505,1,5490.0
id,20,TR-ID-901140,Offline,2025-12-25T08:59:53Z,10990.0,USD,26639927,1,5500.0
id,1,TR-ID-901141,Offline,2026-07-03T02:01:22Z,1336.49,USD,0400025723214,1,1194.0
id,1,TR-ID-901141,Offline,2026-07-03T02:01:22Z,1336.49,USD,22078040,1,142.49
id,24,TR-ID-901142,Offline,2026-06-09T23:59:52Z,135.0,USD,19649393,1,135.0
id,26,TR-ID-901143,Offline,2025-10-29T03:28:29Z,570.0,USD,22754033,1,180.0
id,26,TR-ID-901143,Offline,2025-10-29T03:28:29Z,570.0,USD,24510701,1,260.0
id,26,TR-ID-901143,Offline,2025-10-29T03:28:29Z,570.0,USD,23315388,1,130.0
id,18,TR-ID-901144,Offline,2025-11-22T16:02:14Z,1765.0,USD,0400026546313,1,350.0
id,18,TR-ID-901144,Offline,2025-11-22T16:02:14Z,1765.0,USD,25040903,1,495.0
id,18,TR-ID-901144,Offline,2025-11-22T16:02:14Z,1765.0,USD,0400022969891,1,920.0
id,9,TR-ID-901145,Offline,2025-12-14T17:53:05Z,1228.0,USD,0400022390098,1,225.0
id,9,TR-ID-901145,Offline,2025-12-14T17:53:05Z,1228.0,USD,0400021045241,1,835.0
id,9,TR-ID-901145,Offline,2025-12-14T17:53:05Z,1228.0,USD,0400021814472,1,168.0
id,5,TR-ID-901146,Offline,2026-06-07T22:11:33Z,654.0,USD,26012909,1,654.0
id,8,TR-ID-901147,Offline,2025-08-11T00:54:23Z,3895.0,USD,26312504,1,1195.0
id,8,TR-ID-901147,Offline,2025-08-11T00:54:23Z,3895.0,USD,0400026846333,1,550.0
id,8,TR-ID-901147,Offline,2025-08-11T00:54:23Z,3895.0,USD,0400026435003,1,2150.0
id,19,TR-ID-901148,Offline,2026-04-15T12:16:45Z,934.1,USD,18587340,1,100.0
id,19,TR-ID-901148,Offline,2026-04-15T12:16:45Z,934.1,USD,0400024202534,1,58.0
id,19,TR-ID-901148,Offline,2026-04-15T12:16:45Z,934.1,USD,0400022820870,1,776.1
id,13,TR-ID-901149,Offline,2026-03-23T10:14:56Z,585.0,USD,26463857,1,290.0
id,13,TR-ID-901149,Offline,2026-03-23T10:14:56Z,585.0,USD,0400026421387,1,295.0
id,19,TR-ID-901150,Offline,2026-06-04T19:21:39Z,108.0,USD,17305316,1,108.0
id,20,TR-ID-901151,Offline,2026-02-22T02:36:02Z,320.0,USD,26596094,1,320.0
id,15,TR-ID-901152,Offline,2025-07-30T04:02:08Z,263.0,USD,24363385,1,78.0
id,15,TR-ID-901152,Offline,2025-07-30T04:02:08Z,263.0,USD,0400026361044,1,185.0
id,18,TR-ID-901153,Offline,2026-02-20T17:49:10Z,660.0,USD,26079922,1,660.0
id,25,TR-ID-901154,Offline,2025-08-30T18:44:59Z,2225.0,USD,57209603,1,125.0
id,25,TR-ID-901154,Offline,2025-08-30T18:44:59Z,2225.0,USD,0400026541413,1,2100.0
id,25,TR-ID-901155,Offline,2026-06-19T12:24:39Z,1190.0,USD,0400026641170,1,1190.0
id,29,TR-ID-901156,Offline,2025-09-05T08:37:40Z,398.0,USD,0400026470675,1,398.0
id,6,TR-ID-901157,Offline,2025-12-07T19:28:14Z,1080.0,USD,24527268,1,430.0
id,6,TR-ID-901157,Offline,2025-12-07T19:28:14Z,1080.0,USD,0400026656869,1,375.0
id,6,TR-ID-901157,Offline,2025-12-07T19:28:14Z,1080.0,USD,0400026452055,1,275.0
id,8,TR-ID-901158,Offline,2025-07-22T04:35:03Z,150.0,USD,97856668,1,150.0
id,12,TR-ID-901159,Offline,2025-10-08T22:16:20Z,1932.0,USD,22743560,1,72.0
id,12,TR-ID-901159,Offline,2025-10-08T22:16:20Z,1932.0,USD,26485622,1,1595.0
id,12,TR-ID-901159,Offline,2025-10-08T22:16:20Z,1932.0,USD,20935265,1,265.0
id,6,TR-ID-901160,Offline,2026-06-18T11:44:56Z,178.0,USD,0400021641487,1,178.0
id,5,TR-ID-901161,Offline,2026-02-25T06:23:15Z,1026.5,USD,19363903,1,242.0
id,5,TR-ID-901161,Offline,2026-02-25T06:23:15Z,1026.5,USD,0400022649601,1,298.0
id,5,TR-ID-901161,Offline,2026-02-25T06:23:15Z,1026.5,USD,0400025971513,1,486.5
id,29,TR-ID-901162,Offline,2026-05-28T00:44:46Z,2653.0,USD,0400026017364,1,833.0
id,29,TR-ID-901162,Offline,2026-05-28T00:44:46Z,2653.0,USD,0400026612082,1,1300.0
id,29,TR-ID-901162,Offline,2026-05-28T00:44:46Z,2653.0,USD,0400024690958,1,520.0
id,30,TR-ID-901163,Offline,2025-09-06T11:02:01Z,305.0,USD,0400026490002,1,195.0
id,30,TR-ID-901163,Offline,2025-09-06T11:02:01Z,305.0,USD,0400021977393,1,110.0
id,4,TR-ID-901164,Offline,2026-07-01T13:23:12Z,220.0,USD,24513266,1,220.0
id,30,TR-ID-901165,Offline,2025-08-10T11:28:09Z,6100.0,USD,0400021818083,1,3900.0
id,30,TR-ID-901165,Offline,2025-08-10T11:28:09Z,6100.0,USD,0400024357590,1,2200.0
id,11,TR-ID-901166,Offline,2025-11-02T00:03:58Z,1861.0,USD,22184649,1,203.0
id,11,TR-ID-901166,Offline,2025-11-02T00:03:58Z,1861.0,USD,0400026720370,1,1290.0
id,11,TR-ID-901166,Offline,2025-11-02T00:03:58Z,1861.0,USD,0400019709496,1,368.0
id,1,TR-ID-901167,Offline,2025-11-28T19:22:40Z,1185.75,USD,0400026740698,1,75.0
id,1,TR-ID-901167,Offline,2025-11-28T19:22:40Z,1185.75,USD,17586632,1,1015.75
id,1,TR-ID-901167,Offline,2025-11-28T19:22:40Z,1185.75,USD,87552801,1,95.0
id,18,TR-ID-901168,Offline,2026-06-01T14:52:26Z,1193.0,USD,0400022407047,1,498.0
id,18,TR-ID-901168,Offline,2026-06-01T14:52:26Z,1193.0,USD,0400019304973,1,695.0
id,6,TR-ID-901169,Offline,2026-05-11T04:11:22Z,390.0,USD,0400025754485,1,390.0
id,16,TR-ID-901170,Offline,2026-01-09T12:23:28Z,1685.0,USD,19881278,1,185.0
id,16,TR-ID-901170,Offline,2026-01-09T12:23:28Z,1685.0,USD,0400017996983,1,1500.0
id,24,TR-ID-901171,Offline,2026-02-12T01:13:02Z,704.5,USD,4199087,1,78.0
id,24,TR-ID-901171,Offline,2026-02-12T01:13:02Z,704.5,USD,0400022734107,1,626.5
id,21,TR-ID-901172,Offline,2025-08-08T19:08:18Z,675.0,USD,12689329,1,85.0
id,21,TR-ID-901172,Offline,2025-08-08T19:08:18Z,675.0,USD,0400022087019,1,590.0
id,28,TR-ID-901173,Offline,2025-11-10T07:30:50Z,1058.0,USD,26046362,1,370.0
id,28,TR-ID-901173,Offline,2025-11-10T07:30:50Z,1058.0,USD,23048856,1,238.0
id,28,TR-ID-901173,Offline,2025-11-10T07:30:50Z,1058.0,USD,0400026785461,1,450.0
id,19,TR-ID-901174,Offline,2026-01-14T03:03:35Z,2540.0,USD,26608024,1,1850.0
id,19,TR-ID-901174,Offline,2026-01-14T03:03:35Z,2540.0,USD,0400025931469,1,690.0
id,24,TR-ID-901175,Offline,2026-02-11T04:16:31Z,797.39,USD,18526628,1,255.0
id,24,TR-ID-901175,Offline,2026-02-11T04:16:31Z,797.39,USD,21412370,1,152.39
id,24,TR-ID-901175,Offline,2026-02-11T04:16:31Z,797.39,USD,26198923,1,390.0
id,18,TR-ID-901176,Offline,2025-09-19T19:48:32Z,1478.0,USD,0400026439064,1,1380.0
id,18,TR-ID-901176,Offline,2025-09-19T19:48:32Z,1478.0,USD,0400016604333,1,98.0
id,9,TR-ID-901177,Offline,2025-12-24T10:27:45Z,3818.8,USD,26432217,1,490.0
id,9,TR-ID-901177,Offline,2025-12-24T10:27:45Z,3818.8,USD,26064711,1,2550.0
id,9,TR-ID-901177,Offline,2025-12-24T10:27:45Z,3818.8,USD,0400021834816,1,778.8
id,15,TR-ID-901178,Offline,2026-06-05T09:20:05Z,1200.0,USD,21509736,1,950.0
id,15,TR-ID-901178,Offline,2026-06-05T09:20:05Z,1200.0,USD,11240004,1,250.0
id,13,TR-ID-901179,Offline,2025-08-29T15:27:10Z,1500.0,USD,0400026173523,1,1500.0
id,14,TR-ID-901180,Offline,2025-08-20T16:50:25Z,517.0,USD,20547947,1,267.0
id,14,TR-ID-901180,Offline,2025-08-20T16:50:25Z,517.0,USD,18548019,1,250.0
id,6,TR-ID-901181,Offline,2025-09-01T22:28:58Z,1812.0,USD,0400018175964,1,245.0
id,6,TR-ID-901181,Offline,2025-09-01T22:28:58Z,1812.0,USD,0400019388625,1,1090.0
id,6,TR-ID-901181,Offline,2025-09-01T22:28:58Z,1812.0,USD,0400026435909,1,477.0
id,11,TR-ID-901182,Offline,2025-09-12T08:02:43Z,1477.5,USD,0400026655846,1,298.0
id,11,TR-ID-901182,Offline,2025-09-12T08:02:43Z,1477.5,USD,0400026476377,1,595.0
id,11,TR-ID-901182,Offline,2025-09-12T08:02:43Z,1477.5,USD,0400026076929,1,584.5
id,12,TR-ID-901183,Offline,2026-01-11T03:30:42Z,1776.5,USD,0400026377490,1,480.0
id,12,TR-ID-901183,Offline,2026-01-11T03:30:42Z,1776.5,USD,0400020985408,1,950.0
id,12,TR-ID-901183,Offline,2026-01-11T03:30:42Z,1776.5,USD,0400025722926,1,346.5
id,24,TR-ID-901184,Offline,2025-12-13T23:59:28Z,1929.0,USD,22666037,1,1745.0
id,24,TR-ID-901184,Offline,2025-12-13T23:59:28Z,1929.0,USD,0400023018266,1,184.0
id,20,TR-ID-901185,Offline,2026-06-28T15:52:01Z,2700.0,USD,0400020531247,1,1100.0
id,20,TR-ID-901185,Offline,2026-06-28T15:52:01Z,2700.0,USD,26810895,1,300.0
id,20,TR-ID-901185,Offline,2026-06-28T15:52:01Z,2700.0,USD,0400026613238,1,1300.0
id,15,TR-ID-901186,Offline,2026-01-05T10:05:53Z,1960.0,USD,26720877,1,1135.0
id,15,TR-ID-901186,Offline,2026-01-05T10:05:53Z,1960.0,USD,0400025709034,1,825.0
id,23,TR-ID-901187,Offline,2026-05-10T17:43:31Z,976.5,USD,22957252,1,130.0
id,23,TR-ID-901187,Offline,2026-05-10T17:43:31Z,976.5,USD,0400026043233,1,766.5
id,23,TR-ID-901187,Offline,2026-05-10T17:43:31Z,976.5,USD,93840986,1,80.0
id,14,TR-ID-901188,Offline,2026-06-05T15:56:31Z,4480.0,USD,22704283,1,30.0
id,14,TR-ID-901188,Offline,2026-06-05T15:56:31Z,4480.0,USD,0400026569865,1,3850.0
id,14,TR-ID-901188,Offline,2026-06-05T15:56:31Z,4480.0,USD,0400026172321,1,600.0
id,22,TR-ID-901189,Offline,2026-05-20T08:06:51Z,1283.0,USD,0400025200980,1,188.0
id,22,TR-ID-901189,Offline,2026-05-20T08:06:51Z,1283.0,USD,0400026016361,1,1095.0
id,2,TR-ID-901190,Offline,2026-05-14T12:49:13Z,2705.0,USD,0400024237813,1,1250.0
id,2,TR-ID-901190,Offline,2026-05-14T12:49:13Z,2705.0,USD,0400014397267,1,1100.0
id,2,TR-ID-901190,Offline,2026-05-14T12:49:13Z,2705.0,USD,0400026749525,1,355.0
id,2,TR-ID-901191,Offline,2025-09-28T13:54:02Z,383.6,USD,20570101,1,138.6
id,2,TR-ID-901191,Offline,2025-09-28T13:54:02Z,383.6,USD,0400026271430,1,245.0
id,8,TR-ID-901192,Offline,2025-08-19T05:25:50Z,265.0,USD,26595728,1,265.0
id,20,TR-ID-901193,Offline,2025-11-12T15:38:16Z,504.5,USD,0400026276705,1,228.0
id,20,TR-ID-901193,Offline,2025-11-12T15:38:16Z,504.5,USD,0400022086964,1,276.5
id,29,TR-ID-901194,Offline,2025-11-28T07:21:57Z,2240.0,USD,0400025207117,1,250.0
id,29,TR-ID-901194,Offline,2025-11-28T07:21:57Z,2240.0,USD,0400018273819,1,1990.0
id,27,TR-ID-901195,Offline,2025-10-09T01:56:02Z,118.0,USD,0400013835527,1,118.0
id,21,TR-ID-901196,Offline,2026-03-06T07:11:06Z,1767.5,USD,0400026510169,1,895.0
id,21,TR-ID-901196,Offline,2026-03-06T07:11:06Z,1767.5,USD,0400025201692,1,542.5
id,21,TR-ID-901196,Offline,2026-03-06T07:11:06Z,1767.5,USD,26078853,1,330.0
id,12,TR-ID-901197,Offline,2026-03-08T10:40:40Z,1134.0,USD,22704311,1,30.0
id,12,TR-ID-901197,Offline,2026-03-08T10:40:40Z,1134.0,USD,0400022801804,1,894.0
id,12,TR-ID-901197,Offline,2026-03-08T10:40:40Z,1134.0,USD,24382970,1,210.0
id,13,TR-ID-901198,Offline,2025-09-24T03:49:01Z,1222.0,USD,24234062,1,480.0
id,13,TR-ID-901198,Offline,2025-09-24T03:49:01Z,1222.0,USD,22754015,1,44.0
id,13,TR-ID-901198,Offline,2025-09-24T03:49:01Z,1222.0,USD,0400026478544,1,698.0
id,17,TR-ID-901199,Offline,2025-09-29T21:40:06Z,2070.0,USD,0400024217242,1,420.0
id,17,TR-ID-901199,Offline,2025-09-29T21:40:06Z,2070.0,USD,0400026611698,1,1650.0
id,9,TR-ID-901200,Offline,2025-09-10T17:02:13Z,2965.0,USD,26383667,1,475.0
id,9,TR-ID-901200,Offline,2025-09-10T17:02:13Z,2965.0,USD,0400026554380,1,495.0
id,9,TR-ID-901200,Offline,2025-09-10T17:02:13Z,2965.0,USD,0400026178516,1,1995.0
id,7,TR-ID-901201,Offline,2026-02-12T12:19:42Z,4950.0,USD,21945144,1,4950.0
id,13,TR-ID-901202,Offline,2025-12-06T18:03:58Z,375.0,USD,0400026463042,1,375.0
id,3,TR-ID-901203,Offline,2026-05-26T15:02:21Z,1560.0,USD,13253267,1,1560.0
id,30,TR-ID-901204,Offline,2026-04-22T19:14:53Z,158.0,USD,0400021591446,1,158.0
id,15,TR-ID-901205,Offline,2025-11-14T21:32:29Z,185.0,USD,14706464,1,185.0
id,16,TR-ID-901206,Offline,2026-03-07T13:30:57Z,3628.99,USD,0400026670348,1,1350.0
id,16,TR-ID-901206,Offline,2026-03-07T13:30:57Z,3628.99,USD,21045013,1,278.99
id,16,TR-ID-901206,Offline,2026-03-07T13:30:57Z,3628.99,USD,0400026439858,1,2000.0
id,25,TR-ID-901207,Offline,2025-10-07T17:12:21Z,1071.5,USD,26504272,1,320.0
id,25,TR-ID-901207,Offline,2025-10-07T17:12:21Z,1071.5,USD,26312502,1,556.5
id,25,TR-ID-901207,Offline,2025-10-07T17:12:21Z,1071.5,USD,0400020166051,1,195.0
id,10,TR-ID-901208,Offline,2026-06-06T18:04:38Z,19000.0,USD,20367141,1,19000.0
id,16,TR-ID-901209,Offline,2025-09-01T06:57:01Z,8275.0,USD,0400022078883,1,1300.0
id,16,TR-ID-901209,Offline,2025-09-01T06:57:01Z,8275.0,USD,0400022945756,1,175.0
id,16,TR-ID-901209,Offline,2025-09-01T06:57:01Z,8275.0,USD,21970442,1,6800.0
id,20,TR-ID-901210,Offline,2026-06-03T03:28:01Z,667.51,USD,0400022742587,1,413.0
id,20,TR-ID-901210,Offline,2026-06-03T03:28:01Z,667.51,USD,23076521,1,107.51
id,20,TR-ID-901210,Offline,2026-06-03T03:28:01Z,667.51,USD,0400026287394,1,147.0
id,9,TR-ID-901211,Offline,2025-11-07T13:25:32Z,1250.0,USD,0400026726529,1,1250.0
id,16,TR-ID-901212,Offline,2025-10-13T08:49:05Z,258.0,USD,0400026490913,1,258.0
id,11,TR-ID-901213,Offline,2026-02-01T07:52:41Z,212.5,USD,18081710,1,62.0
id,11,TR-ID-901213,Offline,2026-02-01T07:52:41Z,212.5,USD,0400026003749,1,108.5
id,11,TR-ID-901213,Offline,2026-02-01T07:52:41Z,212.5,USD,19103575,1,42.0
id,29,TR-ID-901214,Offline,2025-08-29T22:50:02Z,2295.0,USD,0400021834402,1,2295.0
id,11,TR-ID-901215,Offline,2025-09-06T08:19:13Z,1255.0,USD,22816890,1,695.0
id,11,TR-ID-901215,Offline,2025-09-06T08:19:13Z,1255.0,USD,0400026977333,1,450.0
id,11,TR-ID-901215,Offline,2025-09-06T08:19:13Z,1255.0,USD,0400026362516,1,110.0
id,22,TR-ID-901216,Offline,2026-02-12T14:06:20Z,2724.0,USD,0400026971805,1,1609.0
id,22,TR-ID-901216,Offline,2026-02-12T14:06:20Z,2724.0,USD,0400026207017,1,1115.0
id,6,TR-ID-901217,Offline,2026-02-26T23:51:04Z,626.5,USD,0400025367583,1,626.5
id,18,TR-ID-901218,Offline,2025-10-14T06:31:50Z,1032.0,USD,0400026440171,1,495.0
id,18,TR-ID-901218,Offline,2025-10-14T06:31:50Z,1032.0,USD,19777270,1,217.0
id,18,TR-ID-901218,Offline,2025-10-14T06:31:50Z,1032.0,USD,17266387,1,320.0
id,26,TR-ID-901219,Offline,2026-04-20T14:23:13Z,547.5,USD,25087354,1,210.0
id,26,TR-ID-901219,Offline,2026-04-20T14:23:13Z,547.5,USD,24022028,1,262.5
id,26,TR-ID-901219,Offline,2026-04-20T14:23:13Z,547.5,USD,14636902,1,75.0
id,26,TR-ID-901220,Offline,2026-03-18T13:48:33Z,2505.6,USD,24660408,1,485.0
id,26,TR-ID-901220,Offline,2026-03-18T13:48:33Z,2505.6,USD,0400025571092,1,120.6
id,26,TR-ID-901220,Offline,2026-03-18T13:48:33Z,2505.6,USD,26948616,1,1900.0
id,24,TR-ID-901221,Offline,2026-01-20T03:04:52Z,530.0,USD,20437234,1,395.0
id,24,TR-ID-901221,Offline,2026-01-20T03:04:52Z,530.0,USD,17231964,1,135.0
id,11,TR-ID-901222,Offline,2025-10-08T08:20:05Z,1245.0,USD,22655680,1,195.0
id,11,TR-ID-901222,Offline,2025-10-08T08:20:05Z,1245.0,USD,0400026081831,1,1050.0
id,9,TR-ID-901223,Offline,2026-05-09T16:13:17Z,1310.0,USD,21390327,1,100.0
id,9,TR-ID-901223,Offline,2026-05-09T16:13:17Z,1310.0,USD,0400026218882,1,1125.0
id,9,TR-ID-901223,Offline,2026-05-09T16:13:17Z,1310.0,USD,0400026177044,1,85.0
id,3,TR-ID-901224,Offline,2025-09-06T19:04:36Z,745.0,USD,0400026356199,1,150.0
id,3,TR-ID-901224,Offline,2025-09-06T19:04:36Z,745.0,USD,0400026652710,1,595.0
id,16,TR-ID-901225,Offline,2026-02-23T01:20:46Z,240.0,USD,22441248,1,240.0
id,24,TR-ID-901226,Offline,2026-01-13T14:17:12Z,261.5,USD,19512949,1,125.0
id,24,TR-ID-901226,Offline,2026-01-13T14:17:12Z,261.5,USD,22793534,1,52.5
id,24,TR-ID-901226,Offline,2026-01-13T14:17:12Z,261.5,USD,0400021489562,1,84.0
id,4,TR-ID-901227,Offline,2025-12-06T09:49:50Z,2550.0,USD,25059504,1,2240.0
id,4,TR-ID-901227,Offline,2025-12-06T09:49:50Z,2550.0,USD,25047805,1,310.0
id,9,TR-ID-901228,Offline,2026-03-28T03:56:06Z,443.0,USD,0400098340601,1,276.5
id,9,TR-ID-901228,Offline,2026-03-28T03:56:06Z,443.0,USD,18975661,1,166.5
id,15,TR-ID-901229,Offline,2026-01-24T07:09:40Z,371.25,USD,21005834,1,150.0
id,15,TR-ID-901229,Offline,2026-01-24T07:09:40Z,371.25,USD,0400026421813,1,221.25
id,23,TR-ID-901230,Offline,2025-09-29T10:29:25Z,378.0,USD,26594564,1,378.0
id,26,TR-ID-901231,Offline,2026-04-05T23:43:39Z,875.0,USD,24380967,1,525.0
id,26,TR-ID-901231,Offline,2026-04-05T23:43:39Z,875.0,USD,12744491,1,350.0
id,29,TR-ID-901232,Offline,2025-11-05T01:38:37Z,2483.0,USD,13822930,1,1695.0
id,29,TR-ID-901232,Offline,2025-11-05T01:38:37Z,2483.0,USD,0400026254856,1,80.0
id,29,TR-ID-901232,Offline,2025-11-05T01:38:37Z,2483.0,USD,24779041,1,708.0
id,10,TR-ID-901233,Offline,2026-01-15T20:00:16Z,157.5,USD,0400022219574,1,157.5
id,15,TR-ID-901234,Offline,2026-07-08T09:30:13Z,95.0,USD,25731363,1,95.0
id,9,TR-ID-901235,Offline,2026-05-22T16:29:36Z,433.59,USD,25419251,1,330.0
id,9,TR-ID-901235,Offline,2026-05-22T16:29:36Z,433.59,USD,24785640,1,103.59
id,27,TR-ID-901236,Offline,2026-06-14T16:06:41Z,6390.0,USD,24960940,1,3495.0
id,27,TR-ID-901236,Offline,2026-06-14T16:06:41Z,6390.0,USD,0400026414624,1,1985.0
id,27,TR-ID-901236,Offline,2026-06-14T16:06:41Z,6390.0,USD,21800742,1,910.0
id,1,TR-ID-901237,Offline,2025-11-14T22:11:17Z,1300.0,USD,0400026587633,1,1300.0
id,25,TR-ID-901238,Offline,2025-07-23T17:12:14Z,12610.0,USD,0400026885361,1,12000.0
id,25,TR-ID-901238,Offline,2025-07-23T17:12:14Z,12610.0,USD,0400020002760,1,280.0
id,25,TR-ID-901238,Offline,2025-07-23T17:12:14Z,12610.0,USD,23859106,1,330.0
id,20,TR-ID-901239,Offline,2026-01-18T02:34:46Z,295.5,USD,0400026234104,1,115.5
id,20,TR-ID-901239,Offline,2026-01-18T02:34:46Z,295.5,USD,0400022904448,1,180.0
id,24,TR-ID-901240,Offline,2025-11-02T23:28:21Z,485.0,USD,19879927,1,485.0
id,24,TR-ID-901241,Offline,2026-04-17T07:32:22Z,75.0,USD,23843478,1,75.0
id,13,TR-ID-901242,Offline,2025-07-17T19:00:36Z,493.5,USD,0400026462981,1,395.0
id,13,TR-ID-901242,Offline,2025-07-17T19:00:36Z,493.5,USD,0400026033895,1,98.5
id,24,TR-ID-901243,Offline,2026-05-25T13:14:42Z,5650.0,USD,0400026522879,1,150.0
id,24,TR-ID-901243,Offline,2026-05-25T13:14:42Z,5650.0,USD,26584493,1,5500.0
id,22,TR-ID-901244,Offline,2026-03-09T13:10:09Z,1828.0,USD,0400021721724,1,148.0
id,22,TR-ID-901244,Offline,2026-03-09T13:10:09Z,1828.0,USD,15135111,1,1680.0
id,29,TR-ID-901245,Offline,2026-06-06T07:27:51Z,12740.0,USD,0400024796122,1,3350.0
id,29,TR-ID-901245,Offline,2026-06-06T07:27:51Z,12740.0,USD,20797283,1,8400.0
id,29,TR-ID-901245,Offline,2026-06-06T07:27:51Z,12740.0,USD,0400003650532,1,990.0
id,4,TR-ID-901246,Offline,2026-01-10T23:47:56Z,2275.0,USD,22932361,1,90.0
id,4,TR-ID-901246,Offline,2026-01-10T23:47:56Z,2275.0,USD,0400025569106,1,1890.0
id,4,TR-ID-901246,Offline,2026-01-10T23:47:56Z,2275.0,USD,0400026650547,1,295.0
id,8,TR-ID-901247,Offline,2026-03-10T05:55:28Z,305.0,USD,0400001589567,1,305.0
id,17,TR-ID-901248,Offline,2026-02-20T13:54:57Z,654.75,USD,0400025550432,1,159.75
id,17,TR-ID-901248,Offline,2026-02-20T13:54:57Z,654.75,USD,0400026868783,1,495.0
id,30,TR-ID-901249,Offline,2025-09-18T15:19:02Z,1157.5,USD,26813801,1,275.0
id,30,TR-ID-901249,Offline,2025-09-18T15:19:02Z,1157.5,USD,0400026217643,1,357.5
id,30,TR-ID-901249,Offline,2025-09-18T15:19:02Z,1157.5,USD,0400021933452,1,525.0
id,2,TR-ID-901250,Offline,2026-01-29T22:43:23Z,1090.0,USD,0400026587243,1,795.0
id,2,TR-ID-901250,Offline,2026-01-29T22:43:23Z,1090.0,USD,21540413,1,295.0
id,6,TR-ID-901251,Offline,2026-05-03T16:05:33Z,2340.0,USD,22706008,1,1350.0
id,6,TR-ID-901251,Offline,2026-05-03T16:05:33Z,2340.0,USD,0400026831824,1,990.0
id,21,TR-ID-901252,Offline,2025-07-18T23:40:45Z,490.0,USD,26536598,1,490.0
id,12,TR-ID-901253,Offline,2025-08-17T15:06:50Z,2160.0,USD,0400024510717,1,215.0
id,12,TR-ID-901253,Offline,2025-08-17T15:06:50Z,2160.0,USD,0400026335702,1,595.0
id,12,TR-ID-901253,Offline,2025-08-17T15:06:50Z,2160.0,USD,18775554,1,1350.0
id,1,TR-ID-901254,Offline,2025-11-06T00:19:03Z,1270.0,USD,0400022250913,1,1100.0
id,1,TR-ID-901254,Offline,2025-11-06T00:19:03Z,1270.0,USD,0400026378980,1,170.0
id,12,TR-ID-901255,Offline,2025-10-19T22:03:28Z,28.0,USD,0400020376799,1,28.0
id,16,TR-ID-901256,Offline,2025-11-09T04:09:20Z,105.0,USD,0400016295718,1,105.0
id,3,TR-ID-901257,Offline,2026-03-29T10:00:24Z,1305.0,USD,0400026961321,1,410.0
id,3,TR-ID-901257,Offline,2026-03-29T10:00:24Z,1305.0,USD,22120158,1,895.0
id,5,TR-ID-901258,Offline,2026-03-14T09:55:08Z,366.0,USD,13245990,1,96.0
id,5,TR-ID-901258,Offline,2026-03-14T09:55:08Z,366.0,USD,22431444,1,270.0
id,27,TR-ID-901259,Offline,2026-06-15T15:49:30Z,11100.0,USD,0400020728034,1,1100.0
id,27,TR-ID-901259,Offline,2026-06-15T15:49:30Z,11100.0,USD,0400024787306,1,7000.0
id,27,TR-ID-901259,Offline,2026-06-15T15:49:30Z,11100.0,USD,0400026466161,1,3000.0
id,11,TR-ID-901260,Offline,2025-11-04T16:46:01Z,155.0,USD,17875318,1,99.0
id,11,TR-ID-901260,Offline,2025-11-04T16:46:01Z,155.0,USD,0400019058600,1,56.0
id,28,TR-ID-901261,Offline,2025-07-19T07:58:08Z,1326.25,USD,26612667,1,80.0
id,28,TR-ID-901261,Offline,2025-07-19T07:58:08Z,1326.25,USD,0400021506233,1,1100.0
id,28,TR-ID-901261,Offline,2025-07-19T07:58:08Z,1326.25,USD,0400025200113,1,146.25
id,8,TR-ID-901262,Offline,2025-10-04T02:30:13Z,1485.0,USD,26655808,1,440.0
id,8,TR-ID-901262,Offline,2025-10-04T02:30:13Z,1485.0,USD,0400023363604,1,1045.0
id,8,TR-ID-901263,Offline,2026-04-28T12:37:11Z,398.0,USD,16666900,1,398.0
id,18,TR-ID-901264,Offline,2025-08-20T14:35:07Z,125.0,USD,0400026529704,1,125.0
id,15,TR-ID-901265,Offline,2026-05-31T20:27:38Z,2035.0,USD,12929882,1,185.0
id,15,TR-ID-901265,Offline,2026-05-31T20:27:38Z,2035.0,USD,0400022375507,1,980.0
id,15,TR-ID-901265,Offline,2026-05-31T20:27:38Z,2035.0,USD,26181455,1,870.0
id,1,TR-ID-901266,Offline,2025-09-15T04:06:59Z,1022.0,USD,0400023588549,1,327.0
id,1,TR-ID-901266,Offline,2025-09-15T04:06:59Z,1022.0,USD,0400026335503,1,695.0
id,25,TR-ID-901267,Offline,2026-03-19T04:33:18Z,207.0,USD,21953427,1,207.0
id,19,TR-ID-901268,Offline,2026-02-25T17:49:08Z,1950.0,USD,21553136,1,1070.0
id,19,TR-ID-901268,Offline,2026-02-25T17:49:08Z,1950.0,USD,0400026186008,1,880.0
id,20,TR-ID-901269,Offline,2026-03-01T06:42:56Z,1500.0,USD,45623938,1,1500.0
id,1,TR-ID-901270,Offline,2026-07-12T08:58:39Z,436.5,USD,0400025561076,1,241.5
id,1,TR-ID-901270,Offline,2026-07-12T08:58:39Z,436.5,USD,0400001538983,1,195.0
id,7,TR-ID-901271,Offline,2025-07-26T14:05:54Z,2186.0,USD,22655495,1,1529.0
id,7,TR-ID-901271,Offline,2025-07-26T14:05:54Z,2186.0,USD,0400023363522,1,657.0
id,20,TR-ID-901272,Offline,2026-06-03T13:20:35Z,68.0,USD,0400023845294,1,68.0
id,25,TR-ID-901273,Offline,2026-03-24T03:48:03Z,540.0,USD,0400026570844,1,345.0
id,25,TR-ID-901273,Offline,2026-03-24T03:48:03Z,540.0,USD,19549254,1,195.0
id,13,TR-ID-901274,Offline,2026-02-09T16:05:44Z,904.5,USD,0400023290828,1,348.0
id,13,TR-ID-901274,Offline,2026-02-09T16:05:44Z,904.5,USD,0400026386507,1,556.5
id,28,TR-ID-901275,Offline,2026-01-02T16:23:09Z,3339.0,USD,26742618,1,2825.0
id,28,TR-ID-901275,Offline,2026-01-02T16:23:09Z,3339.0,USD,20895254,1,514.0
id,7,TR-ID-901276,Offline,2026-05-23T11:28:00Z,348.0,USD,26614477,1,348.0
id,24,TR-ID-901277,Offline,2025-08-27T13:36:52Z,160.0,USD,24660344,1,160.0
id,12,TR-ID-901278,Offline,2026-02-26T04:16:28Z,415.0,USD,0400024689101,1,415.0
id,1,TR-ID-901279,Offline,2025-10-01T08:14:09Z,930.0,USD,0400022410232,1,650.0
id,1,TR-ID-901279,Offline,2025-10-01T08:14:09Z,930.0,USD,0400018269741,1,280.0
id,23,TR-ID-901280,Offline,2025-09-06T11:34:04Z,2255.0,USD,87206011,1,170.0
id,23,TR-ID-901280,Offline,2025-09-06T11:34:04Z,2255.0,USD,0400024318771,1,1490.0
id,23,TR-ID-901280,Offline,2025-09-06T11:34:04Z,2255.0,USD,0400026724108,1,595.0
id,26,TR-ID-901281,Offline,2026-04-07T21:43:10Z,1256.99,USD,20530226,1,84.0
id,26,TR-ID-901281,Offline,2026-04-07T21:43:10Z,1256.99,USD,0400025654926,1,1095.0
id,26,TR-ID-901281,Offline,2026-04-07T21:43:10Z,1256.99,USD,23732376,1,77.99
id,29,TR-ID-901282,Offline,2026-03-26T09:44:45Z,1103.0,USD,0400026447626,1,258.0
id,29,TR-ID-901282,Offline,2026-03-26T09:44:45Z,1103.0,USD,0400001759487,1,845.0
id,17,TR-ID-901283,Offline,2026-01-23T13:15:48Z,1003.39,USD,0400026071620,1,414.0
id,17,TR-ID-901283,Offline,2026-01-23T13:15:48Z,1003.39,USD,0400025754137,1,335.0
id,17,TR-ID-901283,Offline,2026-01-23T13:15:48Z,1003.39,USD,21675847,1,254.39
id,5,TR-ID-901284,Offline,2025-11-10T15:03:48Z,654.99,USD,0400021346503,1,59.99
id,5,TR-ID-901284,Offline,2025-11-10T15:03:48Z,654.99,USD,0400020114587,1,595.0
id,25,TR-ID-901285,Offline,2025-10-12T07:02:42Z,1385.0,USD,17612433,1,85.0
id,25,TR-ID-901285,Offline,2025-10-12T07:02:42Z,1385.0,USD,0400026529000,1,1300.0
id,25,TR-ID-901286,Offline,2025-08-23T01:05:30Z,1450.0,USD,0400025455062,1,1450.0
id,13,TR-ID-901287,Offline,2025-08-05T20:58:59Z,336.0,USD,24240085,1,336.0
id,27,TR-ID-901288,Offline,2026-01-31T21:06:49Z,495.0,USD,0400024223894,1,495.0
id,28,TR-ID-901289,Offline,2026-04-19T18:29:08Z,588.0,USD,57393707,1,90.0
id,28,TR-ID-901289,Offline,2026-04-19T18:29:08Z,588.0,USD,0400026784554,1,498.0
id,24,TR-ID-901290,Offline,2025-11-03T11:28:25Z,205.0,USD,10634084,1,205.0
id,22,TR-ID-901291,Offline,2026-06-26T20:11:38Z,4340.0,USD,19524178,1,1950.0
id,22,TR-ID-901291,Offline,2026-06-26T20:11:38Z,4340.0,USD,0400026651049,1,2390.0
id,6,TR-ID-901292,Offline,2026-05-09T09:19:02Z,798.0,USD,22845328,1,500.0
id,6,TR-ID-901292,Offline,2026-05-09T09:19:02Z,798.0,USD,0400025934879,1,298.0
id,26,TR-ID-901293,Offline,2025-09-26T23:34:00Z,110.0,USD,26100055,1,110.0
id,15,TR-ID-901294,Offline,2026-04-02T12:02:53Z,108.0,USD,23237575,1,108.0
id,5,TR-ID-901295,Offline,2025-11-23T19:43:52Z,1348.0,USD,24382587,1,1150.0
id,5,TR-ID-901295,Offline,2025-11-23T19:43:52Z,1348.0,USD,22587541,1,198.0
id,24,TR-ID-901296,Offline,2025-12-31T00:38:46Z,250.0,USD,25731359,1,250.0
id,25,TR-ID-901297,Offline,2025-09-20T05:40:25Z,2103.99,USD,0400025985738,1,1150.0
id,25,TR-ID-901297,Offline,2025-09-20T05:40:25Z,2103.99,USD,0400022126655,1,870.0
id,25,TR-ID-901297,Offline,2025-09-20T05:40:25Z,2103.99,USD,21327801,1,83.99
id,23,TR-ID-901298,Offline,2026-01-25T19:02:22Z,1134.0,USD,19812312,1,50.0
id,23,TR-ID-901298,Offline,2026-01-25T19:02:22Z,1134.0,USD,0400026417121,1,990.0
id,23,TR-ID-901298,Offline,2026-01-25T19:02:22Z,1134.0,USD,22902289,1,94.0
id,1,TR-ID-901299,Offline,2025-12-25T22:15:26Z,188.0,USD,0400026436080,1,188.0
id,5,TR-ID-901300,Offline,2025-08-18T05:57:05Z,138.0,USD,0400026373144,1,138.0
id,15,TR-ID-901301,Offline,2026-05-25T21:03:58Z,550.0,USD,97854213,1,550.0
id,19,TR-ID-901302,Offline,2026-04-23T14:16:03Z,825.5,USD,22754015,1,44.0
id,19,TR-ID-901302,Offline,2026-04-23T14:16:03Z,825.5,USD,18319158,1,645.0
id,19,TR-ID-901302,Offline,2026-04-23T14:16:03Z,825.5,USD,22946860,1,136.5
id,1,TR-ID-901303,Offline,2026-02-01T00:25:57Z,2633.75,USD,0400026421874,1,318.75
id,1,TR-ID-901303,Offline,2026-02-01T00:25:57Z,2633.75,USD,0400026215904,1,325.0
id,1,TR-ID-901303,Offline,2026-02-01T00:25:57Z,2633.75,USD,0400026877706,1,1990.0
id,24,TR-ID-901304,Offline,2026-02-02T06:37:02Z,154.0,USD,22866029,1,154.0
id,25,TR-ID-901305,Offline,2025-08-06T08:14:22Z,60.0,USD,22824690,1,60.0
id,10,TR-ID-901306,Offline,2025-07-19T02:00:33Z,3015.0,USD,24416021,1,380.0
id,10,TR-ID-901306,Offline,2025-07-19T02:00:33Z,3015.0,USD,0400025925463,1,1115.0
id,10,TR-ID-901306,Offline,2025-07-19T02:00:33Z,3015.0,USD,0400026344582,1,1520.0
id,23,TR-ID-901307,Offline,2026-03-01T06:35:32Z,1352.8,USD,97856668,1,150.0
id,23,TR-ID-901307,Offline,2026-03-01T06:35:32Z,1352.8,USD,0400020605768,1,52.8
id,23,TR-ID-901307,Offline,2026-03-01T06:35:32Z,1352.8,USD,0400026040679,1,1150.0
id,7,TR-ID-901308,Offline,2025-11-20T14:21:14Z,2589.0,USD,0400025723284,1,1194.0
id,7,TR-ID-901308,Offline,2025-11-20T14:21:14Z,2589.0,USD,0400025949453,1,1395.0
id,16,TR-ID-901309,Offline,2026-06-20T16:12:48Z,881.5,USD,0400025624974,1,276.5
id,16,TR-ID-901309,Offline,2026-06-20T16:12:48Z,881.5,USD,11444862,1,605.0
id,23,TR-ID-901310,Offline,2025-09-06T05:57:10Z,2180.0,USD,24661143,1,290.0
id,23,TR-ID-901310,Offline,2025-09-06T05:57:10Z,2180.0,USD,0400026217750,1,690.0
id,23,TR-ID-901310,Offline,2025-09-06T05:57:10Z,2180.0,USD,20775761,1,1200.0
id,17,TR-ID-901311,Offline,2026-05-06T00:36:55Z,1504.75,USD,20988467,1,1450.0
id,17,TR-ID-901311,Offline,2026-05-06T00:36:55Z,1504.75,USD,22793537,1,54.75
id,2,TR-ID-901312,Offline,2026-01-09T22:53:11Z,2445.0,USD,0400026510172,1,2445.0
id,27,TR-ID-901313,Offline,2026-03-20T03:08:16Z,241.5,USD,26552043,1,241.5
id,22,TR-ID-901314,Offline,2025-11-05T19:20:22Z,1170.0,USD,0400021667523,1,520.0
id,22,TR-ID-901314,Offline,2025-11-05T19:20:22Z,1170.0,USD,25075157,1,650.0
id,10,TR-ID-901315,Offline,2025-11-07T12:31:06Z,7311.25,USD,16949753,1,5150.0
id,10,TR-ID-901315,Offline,2025-11-07T12:31:06Z,7311.25,USD,0400026447221,1,1790.0
id,10,TR-ID-901315,Offline,2025-11-07T12:31:06Z,7311.25,USD,0400026608722,1,371.25
id,1,TR-ID-901316,Offline,2025-09-15T23:38:07Z,3514.0,USD,0400025668599,1,118.0
id,1,TR-ID-901316,Offline,2025-09-15T23:38:07Z,3514.0,USD,0400025713566,1,3200.0
id,1,TR-ID-901316,Offline,2025-09-15T23:38:07Z,3514.0,USD,0400025506533,1,196.0
id,13,TR-ID-901317,Offline,2026-03-23T07:50:35Z,315.0,USD,23071158,1,315.0
id,29,TR-ID-901318,Offline,2025-11-11T21:23:06Z,1195.0,USD,22465461,1,1195.0
id,5,TR-ID-901319,Offline,2026-04-07T22:09:32Z,418.6,USD,0400025201061,1,418.6
id,8,TR-ID-901320,Offline,2025-11-24T20:29:36Z,7488.0,USD,15741010,1,238.0
id,8,TR-ID-901320,Offline,2025-11-24T20:29:36Z,7488.0,USD,0400024845940,1,1250.0
id,8,TR-ID-901320,Offline,2025-11-24T20:29:36Z,7488.0,USD,26146176,1,6000.0
id,22,TR-ID-901321,Offline,2026-01-06T08:05:27Z,495.0,USD,0400016113113,1,495.0
id,16,TR-ID-901322,Offline,2025-09-12T19:34:41Z,710.0,USD,10459246,1,710.0
id,9,TR-ID-901323,Offline,2026-01-18T01:18:41Z,10000.0,USD,21390327,1,100.0
id,9,TR-ID-901323,Offline,2026-01-18T01:18:41Z,10000.0,USD,21774372,1,9900.0
id,15,TR-ID-901324,Offline,2026-02-07T04:54:09Z,6000.0,USD,26146176,1,6000.0
id,24,TR-ID-901325,Offline,2025-12-16T04:30:41Z,35.0,USD,13036922,1,35.0
id,5,TR-ID-901326,Offline,2026-04-14T22:55:32Z,6990.0,USD,26728454,1,490.0
id,5,TR-ID-901326,Offline,2026-04-14T22:55:32Z,6990.0,USD,26438244,1,6500.0
id,9,TR-ID-901327,Offline,2026-05-14T11:13:44Z,450.0,USD,22925902,1,450.0
id,24,TR-ID-901328,Offline,2025-10-29T04:46:11Z,259.0,USD,24660230,1,160.0
id,24,TR-ID-901328,Offline,2025-10-29T04:46:11Z,259.0,USD,0400026105661,1,99.0
id,10,TR-ID-901329,Offline,2025-11-25T06:35:42Z,718.0,USD,0400024235721,1,590.0
id,10,TR-ID-901329,Offline,2025-11-25T06:35:42Z,718.0,USD,25199409,1,128.0
id,5,TR-ID-901330,Offline,2025-12-20T14:15:55Z,1090.0,USD,0400026488651,1,1090.0
id,21,TR-ID-901331,Offline,2026-05-12T07:32:21Z,3590.0,USD,0400025624233,1,1500.0
id,21,TR-ID-901331,Offline,2026-05-12T07:32:21Z,3590.0,USD,0400022126616,1,690.0
id,21,TR-ID-901331,Offline,2026-05-12T07:32:21Z,3590.0,USD,26965431,1,1400.0
id,3,TR-ID-901332,Offline,2025-10-20T07:09:02Z,2248.0,USD,0400021994654,1,2050.0
id,3,TR-ID-901332,Offline,2025-10-20T07:09:02Z,2248.0,USD,0400014935176,1,198.0
id,17,TR-ID-901333,Offline,2026-02-12T03:33:58Z,225.0,USD,26622595,1,225.0
id,24,TR-ID-901334,Offline,2026-05-27T11:51:26Z,195.0,USD,15079949,1,195.0
id,24,TR-ID-901335,Offline,2026-03-06T04:31:49Z,255.0,USD,24660366,1,255.0
id,10,TR-ID-901336,Offline,2026-02-13T23:09:32Z,535.5,USD,20155434,1,535.5
id,14,TR-ID-901337,Offline,2026-03-31T23:30:58Z,240.0,USD,24660334,1,95.0
id,14,TR-ID-901337,Offline,2026-03-31T23:30:58Z,240.0,USD,16486874,1,145.0
id,28,TR-ID-901338,Offline,2026-05-04T20:52:59Z,3978.0,USD,12776547,1,270.0
id,28,TR-ID-901338,Offline,2026-05-04T20:52:59Z,3978.0,USD,0400021591446,1,158.0
id,28,TR-ID-901338,Offline,2026-05-04T20:52:59Z,3978.0,USD,26579085,1,3550.0
id,2,TR-ID-901339,Offline,2026-03-19T21:50:44Z,129.0,USD,0400001513109,1,129.0
id,14,TR-ID-901340,Offline,2025-08-23T01:43:27Z,1380.0,USD,0400024541908,1,295.0
id,14,TR-ID-901340,Offline,2025-08-23T01:43:27Z,1380.0,USD,15630045,1,300.0
id,14,TR-ID-901340,Offline,2025-08-23T01:43:27Z,1380.0,USD,0400026037240,1,785.0
id,16,TR-ID-901341,Offline,2025-12-12T23:39:51Z,198.0,USD,0400026784609,1,198.0
id,5,TR-ID-901342,Offline,2026-07-16T18:45:52Z,225.0,USD,26425312,1,225.0
id,29,TR-ID-901343,Offline,2025-09-21T02:14:19Z,2934.6,USD,0400026675343,1,495.0
id,29,TR-ID-901343,Offline,2025-09-21T02:14:19Z,2934.6,USD,0400024674891,1,89.6
id,29,TR-ID-901343,Offline,2025-09-21T02:14:19Z,2934.6,USD,0400026684294,1,2350.0
id,7,TR-ID-901344,Offline,2026-03-14T02:20:40Z,300.0,USD,0400021401483,1,300.0
id,26,TR-ID-901345,Offline,2025-10-02T15:03:54Z,8390.0,USD,26720882,1,1950.0
id,26,TR-ID-901345,Offline,2025-10-02T15:03:54Z,8390.0,USD,0400023861054,1,2450.0
id,26,TR-ID-901345,Offline,2025-10-02T15:03:54Z,8390.0,USD,0400024687816,1,3990.0
id,27,TR-ID-901346,Offline,2026-06-11T02:48:36Z,3289.99,USD,0400016687211,1,730.0
id,27,TR-ID-901346,Offline,2026-06-11T02:48:36Z,3289.99,USD,24528724,1,164.99
id,27,TR-ID-901346,Offline,2026-06-11T02:48:36Z,3289.99,USD,0400026574929,1,2395.0
id,21,TR-ID-901347,Offline,2025-11-07T17:01:44Z,6110.0,USD,22364090,1,5550.0
id,21,TR-ID-901347,Offline,2025-11-07T17:01:44Z,6110.0,USD,22922029,1,420.0
id,21,TR-ID-901347,Offline,2025-11-07T17:01:44Z,6110.0,USD,0400022627827,1,140.0
id,7,TR-ID-901348,Offline,2026-04-14T00:12:30Z,2351.0,USD,25615425,1,41.0
id,7,TR-ID-901348,Offline,2026-04-14T00:12:30Z,2351.0,USD,26718974,1,520.0
id,7,TR-ID-901348,Offline,2026-04-14T00:12:30Z,2351.0,USD,0400020740024,1,1790.0
id,8,TR-ID-901349,Offline,2026-01-23T07:28:00Z,390.0,USD,25731363,1,95.0
id,8,TR-ID-901349,Offline,2026-01-23T07:28:00Z,390.0,USD,0400026375537,1,295.0
id,9,TR-ID-901350,Offline,2025-12-15T20:12:34Z,754.6,USD,13447489,1,126.0
id,9,TR-ID-901350,Offline,2025-12-15T20:12:34Z,754.6,USD,26175737,1,628.6
id,27,TR-ID-901351,Offline,2025-12-27T12:16:29Z,2194.0,USD,0400025547070,1,954.0
id,27,TR-ID-901351,Offline,2025-12-27T12:16:29Z,2194.0,USD,26542912,1,245.0
id,27,TR-ID-901351,Offline,2025-12-27T12:16:29Z,2194.0,USD,0400025560234,1,995.0
id,21,TR-ID-901352,Offline,2026-05-14T11:54:23Z,492.49,USD,22527237,1,94.49
id,21,TR-ID-901352,Offline,2026-05-14T11:54:23Z,492.49,USD,0400026580049,1,398.0
id,11,TR-ID-901353,Offline,2025-10-02T22:10:12Z,795.0,USD,21400086,1,795.0
id,23,TR-ID-901354,Offline,2026-02-15T17:38:03Z,795.0,USD,17723848,1,395.0
id,23,TR-ID-901354,Offline,2026-02-15T17:38:03Z,795.0,USD,14737670,1,400.0
id,17,TR-ID-901355,Offline,2026-01-27T16:56:28Z,148.49,USD,19744963,1,148.49
id,1,TR-ID-901356,Offline,2025-12-09T12:36:44Z,4540.0,USD,0400026304642,1,3850.0
id,1,TR-ID-901356,Offline,2025-12-09T12:36:44Z,4540.0,USD,0400025546539,1,690.0
id,18,TR-ID-901357,Offline,2025-07-18T20:23:53Z,159.6,USD,0400026430041,1,159.6
id,7,TR-ID-901358,Offline,2026-01-04T21:01:30Z,2949.0,USD,0400024358242,1,1494.0
id,7,TR-ID-901358,Offline,2026-01-04T21:01:30Z,2949.0,USD,0400022895725,1,1455.0
id,29,TR-ID-901359,Offline,2026-03-23T22:27:12Z,663.0,USD,0400026711402,1,198.0
id,29,TR-ID-901359,Offline,2026-03-23T22:27:12Z,663.0,USD,16796691,1,168.0
id,29,TR-ID-901359,Offline,2026-03-23T22:27:12Z,663.0,USD,0400026289075,1,297.0
id,22,TR-ID-901360,Offline,2026-01-19T21:23:53Z,1142.5,USD,22946446,1,52.5
id,22,TR-ID-901360,Offline,2026-01-19T21:23:53Z,1142.5,USD,0400021830938,1,1090.0
id,17,TR-ID-901361,Offline,2025-12-29T09:08:05Z,1739.0,USD,26416440,1,1100.0
id,17,TR-ID-901361,Offline,2025-12-29T09:08:05Z,1739.0,USD,0400022655255,1,639.0
id,22,TR-ID-901362,Offline,2025-08-11T12:53:46Z,275.0,USD,26948685,1,275.0
id,24,TR-ID-901363,Offline,2026-04-14T21:29:24Z,154.0,USD,22866029,1,154.0
id,12,TR-ID-901364,Offline,2026-03-22T12:58:38Z,556.5,USD,0400025957581,1,556.5
id,2,TR-ID-901365,Offline,2026-03-27T20:48:23Z,6544.0,USD,0400026612340,1,5500.0
id,2,TR-ID-901365,Offline,2026-03-27T20:48:23Z,6544.0,USD,0400025755173,1,119.0
id,2,TR-ID-901365,Offline,2026-03-27T20:48:23Z,6544.0,USD,0400026200280,1,925.0
id,23,TR-ID-901366,Offline,2026-03-02T15:56:14Z,540.0,USD,24446467,1,540.0
id,17,TR-ID-901367,Offline,2026-05-16T11:02:31Z,950.0,USD,26365634,1,950.0
id,5,TR-ID-901368,Offline,2025-10-05T09:17:25Z,110.0,USD,0400022574574,1,110.0
id,26,TR-ID-901369,Offline,2026-06-22T04:44:19Z,7251.0,USD,0400023075458,1,191.0
id,26,TR-ID-901369,Offline,2026-06-22T04:44:19Z,7251.0,USD,18774486,1,6400.0
id,26,TR-ID-901369,Offline,2026-06-22T04:44:19Z,7251.0,USD,0400023898120,1,660.0
id,21,TR-ID-901370,Offline,2025-10-02T10:51:03Z,920.0,USD,0400023085389,1,150.0
id,21,TR-ID-901370,Offline,2025-10-02T10:51:03Z,920.0,USD,24526047,1,100.0
id,21,TR-ID-901370,Offline,2025-10-02T10:51:03Z,920.0,USD,0400026694026,1,670.0
id,16,TR-ID-901371,Offline,2025-09-14T06:04:09Z,2272.0,USD,19359124,1,725.0
id,16,TR-ID-901371,Offline,2025-09-14T06:04:09Z,2272.0,USD,0400026296144,1,1500.0
id,16,TR-ID-901371,Offline,2025-09-14T06:04:09Z,2272.0,USD,18866363,1,47.0
id,10,TR-ID-901372,Offline,2026-03-13T03:14:47Z,995.0,USD,0400099595717,1,995.0
id,12,TR-ID-901373,Offline,2026-05-05T12:47:57Z,364.0,USD,0400024522120,1,364.0
id,16,TR-ID-901374,Offline,2026-04-04T18:38:00Z,695.0,USD,0400019028162,1,695.0
id,11,TR-ID-901375,Offline,2026-02-07T02:49:30Z,210.0,USD,0400026486958,1,210.0
id,9,TR-ID-901376,Offline,2026-05-27T09:42:34Z,5100.0,USD,0400026351492,1,5100.0
id,13,TR-ID-901377,Offline,2026-05-08T11:46:35Z,278.6,USD,21569238,1,278.6
id,18,TR-ID-901378,Offline,2025-11-23T15:59:41Z,600.0,USD,24235835,1,600.0
id,6,TR-ID-901379,Offline,2026-06-07T01:58:39Z,1015.5,USD,0400026437324,1,133.5
id,6,TR-ID-901379,Offline,2026-06-07T01:58:39Z,1015.5,USD,0400025698317,1,650.0
id,6,TR-ID-901379,Offline,2026-06-07T01:58:39Z,1015.5,USD,18158326,1,232.0
id,8,TR-ID-901380,Offline,2025-08-08T06:54:36Z,3983.0,USD,15888991,1,1595.0
id,8,TR-ID-901380,Offline,2025-08-08T06:54:36Z,3983.0,USD,21312959,1,2388.0
id,2,TR-ID-901381,Offline,2026-01-26T10:27:44Z,1114.59,USD,0400026527771,1,750.0
id,2,TR-ID-901381,Offline,2026-01-26T10:27:44Z,1114.59,USD,0400021147260,1,261.0
id,2,TR-ID-901381,Offline,2026-01-26T10:27:44Z,1114.59,USD,24785640,1,103.59
id,15,TR-ID-901382,Offline,2026-01-29T12:42:23Z,2149.0,USD,26655778,1,390.0
id,15,TR-ID-901382,Offline,2026-01-29T12:42:23Z,2149.0,USD,0400013332913,1,565.0
id,15,TR-ID-901382,Offline,2026-01-29T12:42:23Z,2149.0,USD,0400025723284,1,1194.0
id,29,TR-ID-901383,Offline,2026-02-22T13:16:48Z,3302.99,USD,0400025703437,1,128.0
id,29,TR-ID-901383,Offline,2026-02-22T13:16:48Z,3302.99,USD,0400026304200,1,3100.0
id,29,TR-ID-901383,Offline,2026-02-22T13:16:48Z,3302.99,USD,0400021878580,1,74.99
id,25,TR-ID-901384,Offline,2025-07-31T09:27:55Z,1195.0,USD,95674104,1,1195.0
id,24,TR-ID-901385,Offline,2026-01-27T04:54:49Z,210.0,USD,19665102,1,210.0
id,28,TR-ID-901386,Offline,2026-03-09T00:55:47Z,2610.0,USD,0400026263667,1,2100.0
id,28,TR-ID-901386,Offline,2026-03-09T00:55:47Z,2610.0,USD,0400026390909,1,510.0
id,17,TR-ID-901387,Offline,2025-12-07T13:21:00Z,10926.5,USD,0400022875079,1,276.5
id,17,TR-ID-901387,Offline,2025-12-07T13:21:00Z,10926.5,USD,0400026172537,1,10500.0
id,17,TR-ID-901387,Offline,2025-12-07T13:21:00Z,10926.5,USD,22795148,1,150.0
id,14,TR-ID-901388,Offline,2026-06-03T19:28:37Z,320.0,USD,0400019766849,1,145.0
id,14,TR-ID-901388,Offline,2026-06-03T19:28:37Z,320.0,USD,14927742,1,175.0
id,22,TR-ID-901389,Offline,2025-10-22T04:00:39Z,2100.0,USD,0400020136599,1,195.0
id,22,TR-ID-901389,Offline,2025-10-22T04:00:39Z,2100.0,USD,0400017226943,1,1475.0
id,22,TR-ID-901389,Offline,2025-10-22T04:00:39Z,2100.0,USD,0400022440683,1,430.0
id,12,TR-ID-901390,Offline,2025-12-14T14:27:26Z,717.5,USD,18684416,1,560.0
id,12,TR-ID-901390,Offline,2025-12-14T14:27:26Z,717.5,USD,0400024533395,1,157.5
id,22,TR-ID-901391,Offline,2026-05-23T16:23:04Z,596.0,USD,0400026511108,1,298.0
id,22,TR-ID-901391,Offline,2026-05-23T16:23:04Z,596.0,USD,0400026436499,1,158.0
id,22,TR-ID-901391,Offline,2026-05-23T16:23:04Z,596.0,USD,1006576,1,140.0
id,17,TR-ID-901392,Offline,2025-12-07T00:04:19Z,2200.0,USD,26480045,1,2200.0
id,6,TR-ID-901393,Offline,2026-06-14T00:14:39Z,550.0,USD,0400026635373,1,275.0
id,6,TR-ID-901393,Offline,2026-06-14T00:14:39Z,550.0,USD,0400026719521,1,115.0
id,6,TR-ID-901393,Offline,2026-06-14T00:14:39Z,550.0,USD,0400021007191,1,160.0
id,7,TR-ID-901394,Offline,2026-01-20T02:48:51Z,1495.0,USD,0400022895413,1,1495.0
id,23,TR-ID-901395,Offline,2025-07-21T08:22:03Z,1068.0,USD,96377900,1,75.0
id,23,TR-ID-901395,Offline,2025-07-21T08:22:03Z,1068.0,USD,18966205,1,565.0
id,23,TR-ID-901395,Offline,2025-07-21T08:22:03Z,1068.0,USD,0400024815254,1,428.0
id,22,TR-ID-901396,Offline,2026-04-29T14:06:33Z,17150.0,USD,0400001225158,1,325.0
id,22,TR-ID-901396,Offline,2026-04-29T14:06:33Z,17150.0,USD,0400026150954,1,825.0
id,22,TR-ID-901396,Offline,2026-04-29T14:06:33Z,17150.0,USD,18167914,1,16000.0
id,16,TR-ID-901397,Offline,2026-05-01T14:49:31Z,3080.0,USD,24237548,1,1150.0
id,16,TR-ID-901397,Offline,2026-05-01T14:49:31Z,3080.0,USD,0400026536372,1,1490.0
id,16,TR-ID-901397,Offline,2026-05-01T14:49:31Z,3080.0,USD,26728485,1,440.0
id,1,TR-ID-901398,Offline,2026-07-05T09:05:14Z,1310.0,USD,0400026812403,1,750.0
id,1,TR-ID-901398,Offline,2026-07-05T09:05:14Z,1310.0,USD,0400024857983,1,85.0
id,1,TR-ID-901398,Offline,2026-07-05T09:05:14Z,1310.0,USD,0400021774736,1,475.0
id,14,TR-ID-901399,Offline,2026-02-27T09:11:04Z,705.0,USD,24660331,1,90.0
id,14,TR-ID-901399,Offline,2026-02-27T09:11:04Z,705.0,USD,94249399,1,160.0
id,14,TR-ID-901399,Offline,2026-02-27T09:11:04Z,705.0,USD,19305001,1,455.0
id,21,TR-ID-901400,Offline,2026-03-30T09:02:53Z,538.0,USD,12070088,1,538.0
id,27,TR-ID-901401,Offline,2026-06-19T10:00:01Z,3010.0,USD,24694353,1,1250.0
id,27,TR-ID-901401,Offline,2026-06-19T10:00:01Z,3010.0,USD,0400023898267,1,310.0
id,27,TR-ID-901401,Offline,2026-06-19T10:00:01Z,3010.0,USD,0400086737580,1,1450.0
id,5,TR-ID-901402,Offline,2026-03-04T18:59:25Z,100.0,USD,22915405,1,100.0
id,1,TR-ID-901403,Offline,2026-06-03T16:52:02Z,1100.0,USD,18131747,1,1100.0
id,15,TR-ID-901404,Offline,2026-06-18T08:10:13Z,4680.0,USD,26596188,1,630.0
id,15,TR-ID-901404,Offline,2026-06-18T08:10:13Z,4680.0,USD,0400026726551,1,3490.0
id,15,TR-ID-901404,Offline,2026-06-18T08:10:13Z,4680.0,USD,24803874,1,560.0
id,12,TR-ID-901405,Offline,2026-02-13T00:27:23Z,733.0,USD,0400020670785,1,595.0
id,12,TR-ID-901405,Offline,2026-02-13T00:27:23Z,733.0,USD,0400091848627,1,138.0
id,5,TR-ID-901406,Offline,2026-07-09T16:31:29Z,695.0,USD,0400024521782,1,695.0
id,30,TR-ID-901407,Offline,2025-08-01T01:28:45Z,669.0,USD,25433052,1,250.0
id,30,TR-ID-901407,Offline,2025-08-01T01:28:45Z,669.0,USD,23009935,1,69.0
id,30,TR-ID-901407,Offline,2025-08-01T01:28:45Z,669.0,USD,26178714,1,350.0
id,19,TR-ID-901408,Offline,2025-10-07T03:14:17Z,1190.0,USD,22025653,1,215.0
id,19,TR-ID-901408,Offline,2025-10-07T03:14:17Z,1190.0,USD,0400021362596,1,380.0
id,19,TR-ID-901408,Offline,2025-10-07T03:14:17Z,1190.0,USD,0400026236397,1,595.0
id,26,TR-ID-901409,Offline,2025-12-12T11:02:00Z,510.0,USD,0400026516830,1,510.0
id,7,TR-ID-901410,Offline,2026-05-25T20:00:18Z,6305.75,USD,12492747,1,5460.0
id,7,TR-ID-901410,Offline,2026-05-25T20:00:18Z,6305.75,USD,0400022671007,1,845.75
id,21,TR-ID-901411,Offline,2025-08-09T19:51:51Z,1327.0,USD,0400025964457,1,925.0
id,21,TR-ID-901411,Offline,2025-08-09T19:51:51Z,1327.0,USD,18358316,1,42.0
id,21,TR-ID-901411,Offline,2025-08-09T19:51:51Z,1327.0,USD,22295092,1,360.0
id,9,TR-ID-901412,Offline,2025-11-21T12:33:50Z,195.0,USD,16342682,1,195.0
id,27,TR-ID-901413,Offline,2026-02-22T02:52:19Z,725.0,USD,24526051,1,150.0
id,27,TR-ID-901413,Offline,2026-02-22T02:52:19Z,725.0,USD,23844591,1,575.0
id,25,TR-ID-901414,Offline,2026-01-20T02:01:33Z,509.39,USD,0400024688256,1,195.0
id,25,TR-ID-901414,Offline,2026-01-20T02:01:33Z,509.39,USD,0400026374866,1,135.0
id,25,TR-ID-901414,Offline,2026-01-20T02:01:33Z,509.39,USD,20605446,1,179.39
id,6,TR-ID-901415,Offline,2025-10-18T07:15:14Z,1846.0,USD,0400026478687,1,238.0
id,6,TR-ID-901415,Offline,2025-10-18T07:15:14Z,1846.0,USD,0400018942295,1,1390.0
id,6,TR-ID-901415,Offline,2025-10-18T07:15:14Z,1846.0,USD,0400021775972,1,218.0
id,2,TR-ID-901416,Offline,2026-02-06T18:27:38Z,2988.0,USD,0400018422558,1,898.0
id,2,TR-ID-901416,Offline,2026-02-06T18:27:38Z,2988.0,USD,24526858,1,240.0
id,2,TR-ID-901416,Offline,2026-02-06T18:27:38Z,2988.0,USD,26493800,1,1850.0
id,17,TR-ID-901417,Offline,2025-09-29T05:57:28Z,1455.0,USD,0400023000011,1,650.0
id,17,TR-ID-901417,Offline,2025-09-29T05:57:28Z,1455.0,USD,0400025918874,1,805.0
id,13,TR-ID-901418,Offline,2026-05-13T11:00:14Z,1705.0,USD,0400021092807,1,1580.0
id,13,TR-ID-901418,Offline,2026-05-13T11:00:14Z,1705.0,USD,89336516,1,125.0
id,4,TR-ID-901419,Offline,2025-08-07T18:02:04Z,1725.0,USD,24660238,1,160.0
id,4,TR-ID-901419,Offline,2025-08-07T18:02:04Z,1725.0,USD,0400024509194,1,1270.0
id,4,TR-ID-901419,Offline,2025-08-07T18:02:04Z,1725.0,USD,26581944,1,295.0
id,9,TR-ID-901420,Offline,2025-09-28T14:53:39Z,3075.0,USD,0400026319985,1,1200.0
id,9,TR-ID-901420,Offline,2025-09-28T14:53:39Z,3075.0,USD,0400026569578,1,1500.0
id,9,TR-ID-901420,Offline,2025-09-28T14:53:39Z,3075.0,USD,0400025722217,1,375.0
id,30,TR-ID-901421,Offline,2026-04-07T17:44:45Z,1397.5,USD,0400019911805,1,995.0
id,30,TR-ID-901421,Offline,2026-04-07T17:44:45Z,1397.5,USD,0400021991608,1,402.5
id,24,TR-ID-901422,Offline,2026-06-22T04:37:56Z,1300.0,USD,26675828,1,1300.0
id,16,TR-ID-901423,Offline,2026-04-11T07:38:49Z,1590.0,USD,19398925,1,235.0
id,16,TR-ID-901423,Offline,2026-04-11T07:38:49Z,1590.0,USD,0400025647596,1,1090.0
id,16,TR-ID-901423,Offline,2026-04-11T07:38:49Z,1590.0,USD,0400026421478,1,265.0
id,25,TR-ID-901424,Offline,2026-06-12T13:34:13Z,2970.0,USD,0400026614047,1,950.0
id,25,TR-ID-901424,Offline,2026-06-12T13:34:13Z,2970.0,USD,0400026694026,1,670.0
id,25,TR-ID-901424,Offline,2026-06-12T13:34:13Z,2970.0,USD,26877622,1,1350.0
id,7,TR-ID-901425,Offline,2026-03-03T08:31:48Z,1380.0,USD,0400022865121,1,985.0
id,7,TR-ID-901425,Offline,2026-03-03T08:31:48Z,1380.0,USD,0400022842569,1,178.0
id,7,TR-ID-901425,Offline,2026-03-03T08:31:48Z,1380.0,USD,18462372,1,217.0
id,17,TR-ID-901426,Offline,2025-11-30T09:39:10Z,138.6,USD,0400025196001,1,138.6
id,12,TR-ID-901427,Offline,2026-04-08T00:53:39Z,1215.0,USD,0400014749459,1,645.0
id,12,TR-ID-901427,Offline,2026-04-08T00:53:39Z,1215.0,USD,0400026748455,1,395.0
id,12,TR-ID-901427,Offline,2026-04-08T00:53:39Z,1215.0,USD,0400026105508,1,175.0
id,28,TR-ID-901428,Offline,2026-07-02T20:53:30Z,725.0,USD,0400026746297,1,355.0
id,28,TR-ID-901428,Offline,2026-07-02T20:53:30Z,725.0,USD,23061870,1,370.0
id,27,TR-ID-901429,Offline,2026-05-23T21:49:25Z,5005.0,USD,0400025986790,1,4450.0
id,27,TR-ID-901429,Offline,2026-05-23T21:49:25Z,5005.0,USD,18495661,1,555.0
id,13,TR-ID-901430,Offline,2025-08-08T19:45:27Z,565.0,USD,19813725,1,565.0
id,10,TR-ID-901431,Offline,2025-10-05T02:57:10Z,5825.0,USD,0400026598980,1,475.0
id,10,TR-ID-901431,Offline,2025-10-05T02:57:10Z,5825.0,USD,0400026656249,1,4900.0
id,10,TR-ID-901431,Offline,2025-10-05T02:57:10Z,5825.0,USD,0400026308385,1,450.0
id,24,TR-ID-901432,Offline,2025-10-06T13:59:46Z,395.0,USD,18406540,1,395.0
id,6,TR-ID-901433,Offline,2025-12-22T14:49:11Z,998.0,USD,0400026364266,1,998.0
id,30,TR-ID-901434,Offline,2026-06-25T19:14:54Z,510.0,USD,21566022,1,325.0
id,30,TR-ID-901434,Offline,2026-06-25T19:14:54Z,510.0,USD,0400026489986,1,185.0
id,24,TR-ID-901435,Offline,2025-09-22T00:40:16Z,2948.0,USD,0400001589461,1,255.0
id,24,TR-ID-901435,Offline,2025-09-22T00:40:16Z,2948.0,USD,0400026655838,1,248.0
id,24,TR-ID-901435,Offline,2025-09-22T00:40:16Z,2948.0,USD,0400026106502,1,2445.0
id,18,TR-ID-901436,Offline,2025-07-16T22:17:01Z,597.0,USD,0400026374672,1,267.0
id,18,TR-ID-901436,Offline,2025-07-16T22:17:01Z,597.0,USD,17163129,1,330.0
id,8,TR-ID-901437,Offline,2025-09-21T02:05:36Z,1975.0,USD,24660310,1,135.0
id,8,TR-ID-901437,Offline,2025-09-21T02:05:36Z,1975.0,USD,0400019624278,1,590.0
id,8,TR-ID-901437,Offline,2025-09-21T02:05:36Z,1975.0,USD,0400018510630,1,1250.0
id,10,TR-ID-901438,Offline,2025-12-17T09:12:07Z,5810.0,USD,17302119,1,2400.0
id,10,TR-ID-901438,Offline,2025-12-17T09:12:07Z,5810.0,USD,0400025975071,1,3250.0
id,10,TR-ID-901438,Offline,2025-12-17T09:12:07Z,5810.0,USD,0400012460497,1,160.0
id,18,TR-ID-901439,Offline,2026-03-29T06:00:08Z,278.0,USD,26740615,1,278.0
id,13,TR-ID-901440,Offline,2025-10-05T16:19:59Z,4760.0,USD,21859904,1,3950.0
id,13,TR-ID-901440,Offline,2025-10-05T16:19:59Z,4760.0,USD,20578890,1,582.0
id,13,TR-ID-901440,Offline,2025-10-05T16:19:59Z,4760.0,USD,24693714,1,228.0
id,16,TR-ID-901441,Offline,2025-10-14T06:32:53Z,808.0,USD,0400022774054,1,550.0
id,16,TR-ID-901441,Offline,2025-10-14T06:32:53Z,808.0,USD,0400026232967,1,258.0
id,8,TR-ID-901442,Offline,2026-05-24T00:25:04Z,2445.0,USD,22035579,1,835.0
id,8,TR-ID-901442,Offline,2026-05-24T00:25:04Z,2445.0,USD,0400022042205,1,1490.0
id,8,TR-ID-901442,Offline,2026-05-24T00:25:04Z,2445.0,USD,0400026368265,1,120.0
id,5,TR-ID-901443,Offline,2025-10-10T00:55:13Z,4665.0,USD,0400025996081,1,2500.0
id,5,TR-ID-901443,Offline,2025-10-10T00:55:13Z,4665.0,USD,0400023846566,1,2070.0
id,5,TR-ID-901443,Offline,2025-10-10T00:55:13Z,4665.0,USD,0400026486498,1,95.0
id,6,TR-ID-901444,Offline,2025-10-25T19:11:27Z,228.0,USD,0400018176752,1,228.0
id,26,TR-ID-901445,Offline,2025-08-04T09:54:41Z,398.0,USD,0400012989700,1,170.0
id,26,TR-ID-901445,Offline,2025-08-04T09:54:41Z,398.0,USD,0400026361979,1,228.0
id,8,TR-ID-901446,Offline,2026-02-16T06:07:47Z,108.0,USD,23237586,1,108.0
id,30,TR-ID-901447,Offline,2025-08-05T05:27:15Z,930.0,USD,0400026479897,1,930.0
id,14,TR-ID-901448,Offline,2026-02-21T21:05:01Z,472.6,USD,26626465,1,96.0
id,14,TR-ID-901448,Offline,2026-02-21T21:05:01Z,472.6,USD,0400026363238,1,208.6
id,14,TR-ID-901448,Offline,2026-02-21T21:05:01Z,472.6,USD,0400023025827,1,168.0
id,26,TR-ID-901449,Offline,2026-04-11T15:04:02Z,466.0,USD,96224731,1,138.0
id,26,TR-ID-901449,Offline,2026-04-11T15:04:02Z,466.0,USD,18978006,1,130.0
id,26,TR-ID-901449,Offline,2026-04-11T15:04:02Z,466.0,USD,0400026755705,1,198.0
id,4,TR-ID-901450,Offline,2025-10-25T04:49:39Z,987.0,USD,24609076,1,120.0
id,4,TR-ID-901450,Offline,2025-10-25T04:49:39Z,987.0,USD,0400025078014,1,867.0
id,15,TR-ID-901451,Offline,2026-04-04T07:51:30Z,1356.0,USD,26743491,1,395.0
id,15,TR-ID-901451,Offline,2026-04-04T07:51:30Z,1356.0,USD,14504425,1,116.0
id,15,TR-ID-901451,Offline,2026-04-04T07:51:30Z,1356.0,USD,0400009847346,1,845.0
id,5,TR-ID-901452,Offline,2026-07-05T01:43:37Z,2460.0,USD,0400022779415,1,950.0
id,5,TR-ID-901452,Offline,2026-07-05T01:43:37Z,2460.0,USD,0400021204708,1,1390.0
id,5,TR-ID-901452,Offline,2026-07-05T01:43:37Z,2460.0,USD,21898186,1,120.0
id,21,TR-ID-901453,Offline,2025-08-04T02:59:48Z,6740.0,USD,26812453,1,5620.0
id,21,TR-ID-901453,Offline,2025-08-04T02:59:48Z,6740.0,USD,0400026977752,1,1120.0
id,9,TR-ID-901454,Offline,2026-02-10T06:16:43Z,708.0,USD,18121259,1,48.0
id,9,TR-ID-901454,Offline,2026-02-10T06:16:43Z,708.0,USD,0400015409723,1,660.0
id,7,TR-ID-901455,Offline,2026-01-18T02:16:06Z,490.0,USD,23961400,1,490.0
id,10,TR-ID-901456,Offline,2025-11-23T13:01:12Z,800.0,USD,0400026477096,1,800.0
id,26,TR-ID-901457,Offline,2025-12-27T18:29:29Z,1805.0,USD,26050045,1,110.0
id,26,TR-ID-901457,Offline,2025-12-27T18:29:29Z,1805.0,USD,0400026100873,1,945.0
id,26,TR-ID-901457,Offline,2025-12-27T18:29:29Z,1805.0,USD,0400026527771,1,750.0
id,12,TR-ID-901458,Offline,2026-07-07T15:09:15Z,298.0,USD,0400014838644,1,298.0
id,17,TR-ID-901459,Offline,2026-07-13T07:10:09Z,910.0,USD,0400026548591,1,820.0
id,17,TR-ID-901459,Offline,2026-07-13T07:10:09Z,910.0,USD,23038755,1,90.0
id,9,TR-ID-901460,Offline,2025-12-25T14:31:46Z,152.0,USD,25616720,1,57.0
id,9,TR-ID-901460,Offline,2025-12-25T14:31:46Z,152.0,USD,0400026486331,1,95.0
id,4,TR-ID-901461,Offline,2026-06-30T14:27:37Z,2845.0,USD,0400026854809,1,395.0
id,4,TR-ID-901461,Offline,2026-06-30T14:27:37Z,2845.0,USD,26899402,1,2450.0
id,7,TR-ID-901462,Offline,2026-06-30T18:15:48Z,638.6,USD,0400026216568,1,425.0
id,7,TR-ID-901462,Offline,2026-06-30T18:15:48Z,638.6,USD,0400024678328,1,68.6
id,7,TR-ID-901462,Offline,2026-06-30T18:15:48Z,638.6,USD,0400026032726,1,145.0
id,13,TR-ID-901463,Offline,2026-06-07T20:03:49Z,595.0,USD,0400013640002,1,595.0
id,21,TR-ID-901464,Offline,2026-03-27T21:03:56Z,425.0,USD,75750531,1,335.0
id,21,TR-ID-901464,Offline,2026-03-27T21:03:56Z,425.0,USD,25120209,1,90.0
id,25,TR-ID-901465,Offline,2025-11-05T08:55:56Z,751.2,USD,0400025552794,1,510.0
id,25,TR-ID-901465,Offline,2025-11-05T08:55:56Z,751.2,USD,22767317,1,91.2
id,25,TR-ID-901465,Offline,2025-11-05T08:55:56Z,751.2,USD,18556332,1,150.0
id,20,TR-ID-901466,Offline,2025-11-18T08:21:10Z,925.0,USD,0400022247287,1,925.0
id,9,TR-ID-901467,Offline,2025-09-16T02:01:49Z,523.0,USD,21468929,1,375.0
id,9,TR-ID-901467,Offline,2025-09-16T02:01:49Z,523.0,USD,0400020514620,1,148.0
id,6,TR-ID-901468,Offline,2025-12-16T05:23:34Z,1088.0,USD,0400026229130,1,720.0
id,6,TR-ID-901468,Offline,2025-12-16T05:23:34Z,1088.0,USD,24510726,1,170.0
id,6,TR-ID-901468,Offline,2025-12-16T05:23:34Z,1088.0,USD,0400025574456,1,198.0
id,9,TR-ID-901469,Offline,2025-11-06T14:41:24Z,3255.0,USD,0400025713566,1,3200.0
id,9,TR-ID-901469,Offline,2025-11-06T14:41:24Z,3255.0,USD,26033426,1,55.0
id,4,TR-ID-901470,Offline,2026-04-02T14:56:09Z,1974.0,USD,0400024666262,1,1974.0
id,28,TR-ID-901471,Offline,2026-04-30T21:08:11Z,136.5,USD,0400022994159,1,136.5
id,23,TR-ID-901472,Offline,2025-07-16T17:29:40Z,90.0,USD,26268626,1,90.0
id,24,TR-ID-901473,Offline,2026-03-07T12:37:38Z,65.0,USD,23152559,1,65.0
id,19,TR-ID-901474,Offline,2025-08-11T03:51:20Z,315.0,USD,26237025,1,215.0
id,19,TR-ID-901474,Offline,2025-08-11T03:51:20Z,315.0,USD,10463642,1,100.0
id,20,TR-ID-901475,Offline,2026-05-04T18:55:26Z,5699.5,USD,26584479,1,5500.0
id,20,TR-ID-901475,Offline,2026-05-04T18:55:26Z,5699.5,USD,0400026486250,1,49.5
id,20,TR-ID-901475,Offline,2026-05-04T18:55:26Z,5699.5,USD,0400026464102,1,150.0
id,23,TR-ID-901476,Offline,2025-10-23T21:27:33Z,3090.0,USD,11976447,1,95.0
id,23,TR-ID-901476,Offline,2025-10-23T21:27:33Z,3090.0,USD,0400022906036,1,2995.0
id,23,TR-ID-901477,Offline,2026-03-04T16:27:31Z,1429.0,USD,23856345,1,100.0
id,23,TR-ID-901477,Offline,2026-03-04T16:27:31Z,1429.0,USD,0400022435734,1,1295.0
id,23,TR-ID-901477,Offline,2026-03-04T16:27:31Z,1429.0,USD,88086106,1,34.0
id,29,TR-ID-901478,Offline,2026-03-31T23:21:49Z,805.0,USD,0400024847429,1,315.0
id,29,TR-ID-901478,Offline,2026-03-31T23:21:49Z,805.0,USD,0400022884730,1,490.0
id,10,TR-ID-901479,Offline,2026-05-14T18:20:55Z,325.0,USD,0400022440577,1,325.0
id,7,TR-ID-901480,Offline,2025-10-28T20:31:14Z,192.0,USD,23234365,1,192.0
id,2,TR-ID-901481,Offline,2026-02-22T11:24:07Z,2555.0,USD,0400025568869,1,2400.0
id,2,TR-ID-901481,Offline,2026-02-22T11:24:07Z,2555.0,USD,12397793,1,155.0
id,11,TR-ID-901482,Offline,2026-07-04T12:09:36Z,2280.0,USD,26309354,1,550.0
id,11,TR-ID-901482,Offline,2026-07-04T12:09:36Z,2280.0,USD,0400025989041,1,1390.0
id,11,TR-ID-901482,Offline,2026-07-04T12:09:36Z,2280.0,USD,15786741,1,340.0
id,29,TR-ID-901483,Offline,2025-08-27T13:32:54Z,885.0,USD,0400026652710,1,595.0
id,29,TR-ID-901483,Offline,2025-08-27T13:32:54Z,885.0,USD,0400021577719,1,290.0
id,21,TR-ID-901484,Offline,2026-01-11T20:33:49Z,1095.0,USD,22211128,1,500.0
id,21,TR-ID-901484,Offline,2026-01-11T20:33:49Z,1095.0,USD,0400026015156,1,300.0
id,21,TR-ID-901484,Offline,2026-01-11T20:33:49Z,1095.0,USD,0400008915807,1,295.0
id,26,TR-ID-901485,Offline,2025-10-23T22:55:58Z,1174.0,USD,24660158,1,215.0
id,26,TR-ID-901485,Offline,2025-10-23T22:55:58Z,1174.0,USD,21592801,1,959.0
id,10,TR-ID-901486,Offline,2026-01-13T20:06:39Z,895.0,USD,0400026785260,1,895.0
id,9,TR-ID-901487,Offline,2025-08-17T18:11:13Z,12210.5,USD,0400026270756,1,11500.0
id,9,TR-ID-901487,Offline,2025-08-17T18:11:13Z,12210.5,USD,18984687,1,445.5
id,9,TR-ID-901487,Offline,2025-08-17T18:11:13Z,12210.5,USD,0400022940653,1,265.0
id,7,TR-ID-901488,Offline,2026-04-30T02:08:45Z,3530.0,USD,17832435,1,30.0
id,7,TR-ID-901488,Offline,2026-04-30T02:08:45Z,3530.0,USD,24806277,1,3500.0
id,21,TR-ID-901489,Offline,2026-06-24T16:28:51Z,2550.0,USD,26113761,1,2550.0
id,25,TR-ID-901490,Offline,2025-10-22T05:48:27Z,3579.0,USD,0400026961655,1,1150.0
id,25,TR-ID-901490,Offline,2025-10-22T05:48:27Z,3579.0,USD,0400026712263,1,179.0
id,25,TR-ID-901490,Offline,2025-10-22T05:48:27Z,3579.0,USD,0400022461187,1,2250.0
id,28,TR-ID-901491,Offline,2025-12-26T10:11:39Z,4627.0,USD,0400026318898,1,3990.0
id,28,TR-ID-901491,Offline,2025-12-26T10:11:39Z,4627.0,USD,0400023265217,1,499.0
id,28,TR-ID-901491,Offline,2025-12-26T10:11:39Z,4627.0,USD,0400015174245,1,138.0
id,4,TR-ID-901492,Offline,2025-09-24T20:14:21Z,1085.0,USD,0400010632373,1,590.0
id,4,TR-ID-901492,Offline,2025-09-24T20:14:21Z,1085.0,USD,0400026247169,1,495.0
id,17,TR-ID-901493,Offline,2026-03-11T03:39:20Z,2070.5,USD,0400025976264,1,429.0
id,17,TR-ID-901493,Offline,2026-03-11T03:39:20Z,2070.5,USD,0400022958429,1,696.5
id,17,TR-ID-901493,Offline,2026-03-11T03:39:20Z,2070.5,USD,0400026941262,1,945.0
id,28,TR-ID-901494,Offline,2026-07-01T12:43:12Z,298.0,USD,22824952,1,298.0
id,2,TR-ID-901495,Offline,2025-07-25T18:45:42Z,3890.0,USD,0400025663039,1,2650.0
id,2,TR-ID-901495,Offline,2025-07-25T18:45:42Z,3890.0,USD,0400026071632,1,465.0
id,2,TR-ID-901495,Offline,2025-07-25T18:45:42Z,3890.0,USD,0400025636330,1,775.0
id,7,TR-ID-901496,Offline,2025-08-17T09:25:47Z,598.0,USD,19577318,1,530.0
id,7,TR-ID-901496,Offline,2025-08-17T09:25:47Z,598.0,USD,0400023025335,1,68.0
id,30,TR-ID-901497,Offline,2025-07-23T08:35:40Z,3165.0,USD,0400022089777,1,1230.0
id,30,TR-ID-901497,Offline,2025-07-23T08:35:40Z,3165.0,USD,26610102,1,640.0
id,30,TR-ID-901497,Offline,2025-07-23T08:35:40Z,3165.0,USD,0400026030181,1,1295.0
id,11,TR-ID-901498,Offline,2025-08-29T12:38:32Z,308.39,USD,21754789,1,68.39
id,11,TR-ID-901498,Offline,2025-08-29T12:38:32Z,308.39,USD,26214921,1,240.0
id,1,TR-ID-901499,Offline,2026-01-13T19:32:57Z,2845.0,USD,26765900,1,950.0
id,1,TR-ID-901499,Offline,2026-01-13T19:32:57Z,2845.0,USD,0400026619904,1,1895.0
id,20,TR-ID-901500,Offline,2026-01-29T16:23:41Z,690.0,USD,0400024357207,1,690.0
id,21,TR-ID-901501,Offline,2026-06-02T01:18:09Z,547.5,USD,19854689,1,227.5
id,21,TR-ID-901501,Offline,2026-06-02T01:18:09Z,547.5,USD,25364230,1,320.0
id,5,TR-ID-901502,Offline,2026-03-27T17:08:12Z,267.0,USD,26586694,1,267.0
id,1,TR-ID-901503,Offline,2026-02-27T03:42:05Z,2900.0,USD,26953528,1,2850.0
id,1,TR-ID-901503,Offline,2026-02-27T03:42:05Z,2900.0,USD,19104275,1,50.0
id,24,TR-ID-901504,Offline,2025-08-02T07:02:23Z,985.0,USD,24661192,1,985.0
id,16,TR-ID-901505,Offline,2025-12-04T00:28:29Z,3678.19,USD,26652172,1,3200.0
id,16,TR-ID-901505,Offline,2025-12-04T00:28:29Z,3678.19,USD,24219419,1,478.19
id,13,TR-ID-901506,Offline,2025-10-16T06:26:28Z,890.0,USD,25122808,1,295.0
id,13,TR-ID-901506,Offline,2025-10-16T06:26:28Z,890.0,USD,0400024259506,1,595.0
id,27,TR-ID-901507,Offline,2025-09-25T23:44:43Z,4100.0,USD,22954114,1,4100.0
id,14,TR-ID-901508,Offline,2026-02-15T05:43:05Z,1554.0,USD,19973196,1,165.0
id,14,TR-ID-901508,Offline,2026-02-15T05:43:05Z,1554.0,USD,0400026961759,1,1320.0
id,14,TR-ID-901508,Offline,2026-02-15T05:43:05Z,1554.0,USD,21412823,1,69.0
id,3,TR-ID-901509,Offline,2025-08-16T16:28:33Z,3185.0,USD,0400026404993,1,145.0
id,3,TR-ID-901509,Offline,2025-08-16T16:28:33Z,3185.0,USD,0400024352443,1,1250.0
id,3,TR-ID-901509,Offline,2025-08-16T16:28:33Z,3185.0,USD,0400026959135,1,1790.0
id,6,TR-ID-901510,Offline,2026-04-24T16:00:27Z,3059.0,USD,0400025999096,1,474.0
id,6,TR-ID-901510,Offline,2026-04-24T16:00:27Z,3059.0,USD,0400026766390,1,2300.0
id,6,TR-ID-901510,Offline,2026-04-24T16:00:27Z,3059.0,USD,0477414661521,1,285.0
id,20,TR-ID-901511,Offline,2026-03-04T11:31:40Z,4506.49,USD,22766325,1,163.49
id,20,TR-ID-901511,Offline,2026-03-04T11:31:40Z,4506.49,USD,0400026335670,1,3995.0
id,20,TR-ID-901511,Offline,2026-03-04T11:31:40Z,4506.49,USD,0400024258001,1,348.0
id,7,TR-ID-901512,Offline,2026-03-18T06:19:34Z,1432.0,USD,0400025716206,1,537.0
